RT	precursor_mz	ref_precursor_mz	DATACOLLECTOR	DATASET_ID	DESCRIPTION	EXACTMASS	FORMULA	FRAGMENTATION_METHOD	IMS_TYPE	INCHI	INCHIAUX	INSTRUMENT_TYPE	ION_SOURCE	ISOLATION_WINDOW	MSLEVEL	PI	PRECURSOR_PURITY	QUALITY_CHIMERIC	QUALITY_EXPLAINED_INTENSITY	QUALITY_EXPLAINED_SIGNALS	SCANS	SOURCE_INSTRUMENT	SPECTYPE	USI	adduct	charge	feature_id	file_name	ionmode	name	smiles	ref_charge	spectrum	ref_spectrum	index	ref_index	topk	DreaMS_similarity	ref_instrument accuracy est.	ref_lsh	ref_msv_create_time	ref_msv_description	ref_msv_id	ref_msv_instrument	ref_msv_instrument_resolved	ref_msv_keywords	ref_msv_species	ref_msv_species_resolved	ref_msv_title	ref_msv_user	ref_name
113.94	283.09648	282.1241	Corinna Brungs	MSVPLACEHOLDERID	MCE bioactive compounds library	282.089209	C17H14O4	HCD	none	InChI=1S/C17H14O4/c1-9-6-7-13-15(20)12-5-3-4-11(8-14(18)19)17(12)21-16(13)10(9)2/h3-7H,8H2,1-2H3,(H,18,19)	XGOYIMQSIKSOBS-UHFFFAOYSA-N	Orbitrap	ESI	1.2000000476839432	2	Tomas Pluskal	0.973405752811273	PASSED	0.99386805	0.9444444	474	Orbitrap ID-X	nan	mzspec:MSVPLACEHOLDERID:20220601_pluskal_mce_1D1_A2_id.mzML:474	[M+H]+	1	101	example_5_spectra.mgf	+	Vadimezan	Cc1c(C)c2c(cc1)c(=O)c1cccc(CC(=O)O)c1o2	0	[[91.053741, 105.069382, 141.069168, 152.061859, 153.069305, 155.085022, 158.033508, 165.069733, 166.077545, 167.085587, 168.093094, 178.077515, 179.085281, 181.06459, 181.101135, 183.116669, 190.078049, 191.085159, 193.101242, 194.07254, 195.080231, 196.087906, 208.088181, 209.059555, 209.096024, 209.119858, 210.104065, 221.096359, 222.067566, 223.0755, 225.091003, 236.083176, 237.090988, 238.098816, 239.106781, 283.096832], [1.144, 1.254, 1.139, 1.019, 1.283, 0.966, 1.081, 7.345, 9.805, 4.037, 3.638, 2.42, 1.429, 6.555, 2.534, 0.903, 0.997, 1.264, 1.467, 10.324, 21.628, 3.722, 2.735, 0.982, 59.124, 0.749, 2.296, 0.981, 2.431, 19.616, 2.035, 2.085, 100.0, 15.987, 0.935, 2.447]]	[[115.05428314208984, 142.06658935546875, 154.06788635253906, 155.07217407226562, 167.06089782714844, 168.07022094726562, 169.07620239257812, 181.077392578125, 182.08407592773438, 183.0911407470703, 193.07664489746094, 195.09181213378906, 196.0944366455078, 206.0861053466797, 207.09300231933594, 208.1006317138672, 209.10812377929688, 210.11349487304688, 219.09469604492188, 237.10313415527344, 238.1052703857422, 265.0977478027344, 266.1007995605469, 267.1033020019531, 282.12420654296875, 283.1307067871094, 284.1368408203125], [0.014577893540263176, 0.012619669549167156, 0.018494343385100365, 0.008268059231340885, 0.01131418626755476, 0.01653611846268177, 0.01871192269027233, 0.05678851157426834, 0.2961270809173584, 0.03372497856616974, 0.026109660044312477, 0.19908615946769714, 0.016971278935670853, 0.012619669549167156, 0.016971278935670853, 0.01044386439025402, 0.11531766504049301, 0.01044386439025402, 0.008703220635652542, 0.2680591940879822, 0.029590949416160583, 1.0, 0.1416449099779129, 0.011966927908360958, 0.062010444700717926, 0.015448215417563915, 0.007832897827029228]]	4	24150573	1	0.764142	0.00022131162	-3486743512298165578	2021-09-23 12:21:27.0	"Comparison of wild cultures of BRA-346 and heterologous expression of epn/tmc BGC in M1146. Beds were also produced (culture growth and host bacteria growth). AcOEt extracts analyses were performed using UPLCMS/MS and MS data was processed using NP3_MS_workflow.  Figure 5 dataset from Vieira et al., 2022: ""Heterologous expression of the epn/tmc BGC of BRA-346""  "	MSV000088150	ESI-qQTOF Impact II	ESI-qQTOF Impact II	Marine Bacteria	Streptomyces sp. BRA-346	Streptomyces sp. BRA-346	GNPS Streptomyces sp. BRA-346_HeterologousExpression		20210713_C4_MeioA1_Ext_POS_2-G%2C2_01_26260.d
113.94	283.09648	265.12234	Corinna Brungs	MSVPLACEHOLDERID	MCE bioactive compounds library	282.089209	C17H14O4	HCD	none	InChI=1S/C17H14O4/c1-9-6-7-13-15(20)12-5-3-4-11(8-14(18)19)17(12)21-16(13)10(9)2/h3-7H,8H2,1-2H3,(H,18,19)	XGOYIMQSIKSOBS-UHFFFAOYSA-N	Orbitrap	ESI	1.2000000476839432	2	Tomas Pluskal	0.973405752811273	PASSED	0.99386805	0.9444444	474	Orbitrap ID-X	nan	mzspec:MSVPLACEHOLDERID:20220601_pluskal_mce_1D1_A2_id.mzML:474	[M+H]+	1	101	example_5_spectra.mgf	+	Vadimezan	Cc1c(C)c2c(cc1)c(=O)c1cccc(CC(=O)O)c1o2	1	[[91.053741, 105.069382, 141.069168, 152.061859, 153.069305, 155.085022, 158.033508, 165.069733, 166.077545, 167.085587, 168.093094, 178.077515, 179.085281, 181.06459, 181.101135, 183.116669, 190.078049, 191.085159, 193.101242, 194.07254, 195.080231, 196.087906, 208.088181, 209.059555, 209.096024, 209.119858, 210.104065, 221.096359, 222.067566, 223.0755, 225.091003, 236.083176, 237.090988, 238.098816, 239.106781, 283.096832], [1.144, 1.254, 1.139, 1.019, 1.283, 0.966, 1.081, 7.345, 9.805, 4.037, 3.638, 2.42, 1.429, 6.555, 2.534, 0.903, 0.997, 1.264, 1.467, 10.324, 21.628, 3.722, 2.735, 0.982, 59.124, 0.749, 2.296, 0.981, 2.431, 19.616, 2.035, 2.085, 100.0, 15.987, 0.935, 2.447]]	[[83.91381072998047, 94.26808166503906, 96.84171295166016, 119.33751678466797, 165.07008361816406, 179.08580017089844, 194.1095428466797, 209.1327362060547, 219.11671447753906, 222.10438537597656, 223.0750274658203, 237.12770080566406, 250.09967041015625, 265.1220397949219, 265.26361083984375], [0.05981035903096199, 0.050659023225307465, 0.05264783278107643, 0.05392223224043846, 0.07357589900493622, 0.1064595952630043, 0.351657897233963, 0.896425724029541, 0.20760442316532135, 0.23949208855628967, 0.07909312099218369, 1.0, 0.13001194596290588, 0.7094411849975586, 0.1287662386894226]]	4	23320899	2	0.75923926	0.00017523849	-3638594870629252930	2018-07-25 10:23:13.0	Non-targetd metabolomics of Fusarium - Serratia interaction on PDA aggar plates.	MSV000082662				NCBITaxon:5516;NCBITaxon:82996	Fusarium culmorum	GNPS - Fusarium - Serratia Interaction		F6
113.94	283.09648	265.12213	Corinna Brungs	MSVPLACEHOLDERID	MCE bioactive compounds library	282.089209	C17H14O4	HCD	none	InChI=1S/C17H14O4/c1-9-6-7-13-15(20)12-5-3-4-11(8-14(18)19)17(12)21-16(13)10(9)2/h3-7H,8H2,1-2H3,(H,18,19)	XGOYIMQSIKSOBS-UHFFFAOYSA-N	Orbitrap	ESI	1.2000000476839432	2	Tomas Pluskal	0.973405752811273	PASSED	0.99386805	0.9444444	474	Orbitrap ID-X	nan	mzspec:MSVPLACEHOLDERID:20220601_pluskal_mce_1D1_A2_id.mzML:474	[M+H]+	1	101	example_5_spectra.mgf	+	Vadimezan	Cc1c(C)c2c(cc1)c(=O)c1cccc(CC(=O)O)c1o2	0	[[91.053741, 105.069382, 141.069168, 152.061859, 153.069305, 155.085022, 158.033508, 165.069733, 166.077545, 167.085587, 168.093094, 178.077515, 179.085281, 181.06459, 181.101135, 183.116669, 190.078049, 191.085159, 193.101242, 194.07254, 195.080231, 196.087906, 208.088181, 209.059555, 209.096024, 209.119858, 210.104065, 221.096359, 222.067566, 223.0755, 225.091003, 236.083176, 237.090988, 238.098816, 239.106781, 283.096832], [1.144, 1.254, 1.139, 1.019, 1.283, 0.966, 1.081, 7.345, 9.805, 4.037, 3.638, 2.42, 1.429, 6.555, 2.534, 0.903, 0.997, 1.264, 1.467, 10.324, 21.628, 3.722, 2.735, 0.982, 59.124, 0.749, 2.296, 0.981, 2.431, 19.616, 2.035, 2.085, 100.0, 15.987, 0.935, 2.447]]	[[55.01839065551758, 105.06968688964844, 107.08522033691406, 121.02813720703125, 135.0811309814453, 167.085205078125, 178.07693481445312, 179.08587646484375, 180.0917205810547, 181.10116577148438, 193.1011199951172, 194.09243774414062, 194.10934448242188, 195.11593627929688, 196.08741760253906, 203.0865478515625, 204.0943603515625, 204.5484619140625, 207.0813751220703, 207.1171417236328, 208.08799743652344, 208.12181091308594, 209.0984344482422, 209.13275146484375, 209.5412139892578, 210.1361846923828, 211.11160278320312, 211.14675903320312, 218.5460968017578, 219.11724853515625, 220.0876922607422, 220.12034606933594, 221.09591674804688, 221.13296508789062, 222.10397338867188, 223.07505798339844, 223.10842895507812, 224.11878967285156, 225.0908203125, 225.55348205566406, 235.11196899414062, 236.1172332763672, 237.12741088867188, 238.1306610107422, 239.14146423339844, 247.11138916015625, 248.1165771484375, 249.12599182128906, 250.0989227294922, 251.10340881347656, 252.1133270263672, 263.10650634765625, 264.10992431640625, 264.1372985839844, 265.12255859375, 266.1257629394531, 266.1536560058594, 267.1387939453125, 268.10845947265625, 283.1333923339844], [0.008104519918560982, 0.008815220557153225, 0.007760585751384497, 0.007815997116267681, 0.04015268012881279, 0.029198551550507545, 0.007972895167768002, 0.06744036823511124, 0.02486741542816162, 0.030779678374528885, 0.021246569231152534, 0.007773928809911013, 0.14663107693195343, 0.05439372733235359, 0.020302975550293922, 0.008320387452840805, 0.03878907859325409, 0.010127647779881954, 0.008806970901787281, 0.047163642942905426, 0.007752078119665384, 0.01860315538942814, 0.019098056480288506, 0.8272203207015991, 0.007609658874571323, 0.1717650145292282, 0.007946341298520565, 0.007760640699416399, 0.02431361749768257, 0.09361319243907928, 0.010592282749712467, 0.021409880369901657, 0.01863516867160797, 0.008544542826712132, 0.137329563498497, 0.027388835325837135, 0.03310875594615936, 0.009440469555556774, 0.007717619650065899, 0.010185985825955868, 0.03907710686326027, 0.009168313816189766, 1.0, 0.19602563977241516, 0.03981469199061394, 0.02161254920065403, 0.008728213608264923, 0.008061617612838745, 0.2500898241996765, 0.04721241816878319, 0.02053644321858883, 0.2853245437145233, 0.1564147174358368, 0.01016590092331171, 0.7679115533828735, 0.17606350779533386, 0.01059863530099392, 0.07125251740217209, 0.021261829882860184, 0.008335109800100327]]	4	23392144	3	0.75824535	0.00026985497	-3635216656586390852	2017-02-09 11:46:29.0	Co culture experiment with F. fujikuroi and R. s. media	MSV000080540				NCBITaxon:5127;NCBITaxon:305	Fusarium fujikuroi	GNPS Fusarium		KO_lowB_pos_frag
113.94	283.09648	282.12418	Corinna Brungs	MSVPLACEHOLDERID	MCE bioactive compounds library	282.089209	C17H14O4	HCD	none	InChI=1S/C17H14O4/c1-9-6-7-13-15(20)12-5-3-4-11(8-14(18)19)17(12)21-16(13)10(9)2/h3-7H,8H2,1-2H3,(H,18,19)	XGOYIMQSIKSOBS-UHFFFAOYSA-N	Orbitrap	ESI	1.2000000476839432	2	Tomas Pluskal	0.973405752811273	PASSED	0.99386805	0.9444444	474	Orbitrap ID-X	nan	mzspec:MSVPLACEHOLDERID:20220601_pluskal_mce_1D1_A2_id.mzML:474	[M+H]+	1	101	example_5_spectra.mgf	+	Vadimezan	Cc1c(C)c2c(cc1)c(=O)c1cccc(CC(=O)O)c1o2	0	[[91.053741, 105.069382, 141.069168, 152.061859, 153.069305, 155.085022, 158.033508, 165.069733, 166.077545, 167.085587, 168.093094, 178.077515, 179.085281, 181.06459, 181.101135, 183.116669, 190.078049, 191.085159, 193.101242, 194.07254, 195.080231, 196.087906, 208.088181, 209.059555, 209.096024, 209.119858, 210.104065, 221.096359, 222.067566, 223.0755, 225.091003, 236.083176, 237.090988, 238.098816, 239.106781, 283.096832], [1.144, 1.254, 1.139, 1.019, 1.283, 0.966, 1.081, 7.345, 9.805, 4.037, 3.638, 2.42, 1.429, 6.555, 2.534, 0.903, 0.997, 1.264, 1.467, 10.324, 21.628, 3.722, 2.735, 0.982, 59.124, 0.749, 2.296, 0.981, 2.431, 19.616, 2.035, 2.085, 100.0, 15.987, 0.935, 2.447]]	[[115.05599975585938, 154.067138671875, 161.11219787597656, 167.05857849121094, 169.07591247558594, 181.07669067382812, 182.08399963378906, 183.0892791748047, 193.0762176513672, 195.09217834472656, 196.09288024902344, 207.09217834472656, 209.10765075683594, 210.11251831054688, 237.1029815673828, 265.0978698730469, 266.10089111328125, 281.08502197265625, 282.12481689453125, 283.10284423828125, 284.09844970703125], [0.013568023219704628, 0.0337367057800293, 0.013201320543885231, 0.0223689042031765, 0.03006967343389988, 0.04547121375799179, 0.32599925994873047, 0.024202419444918633, 0.021268794313073158, 0.1551155149936676, 0.014301430433988571, 0.021635496988892555, 0.09130913019180298, 0.020535387098789215, 0.2801613509654999, 1.0, 0.08727539330720901, 0.012467913329601288, 0.06563989818096161, 0.018701869994401932, 0.013201320543885231]]	4	23453905	4	0.74911165	0.00022131162	-3630858700374021482	2021-09-23 12:21:27.0	"Comparison of wild cultures of BRA-346 and heterologous expression of epn/tmc BGC in M1146. Beds were also produced (culture growth and host bacteria growth). AcOEt extracts analyses were performed using UPLCMS/MS and MS data was processed using NP3_MS_workflow.  Figure 5 dataset from Vieira et al., 2022: ""Heterologous expression of the epn/tmc BGC of BRA-346""  "	MSV000088150	ESI-qQTOF Impact II	ESI-qQTOF Impact II	Marine Bacteria	Streptomyces sp. BRA-346	Streptomyces sp. BRA-346	GNPS Streptomyces sp. BRA-346_HeterologousExpression		20210713_C4_MeioA1_Ext_POS_2-G%2C2_01_26260.d
113.94	283.09648	265.12204	Corinna Brungs	MSVPLACEHOLDERID	MCE bioactive compounds library	282.089209	C17H14O4	HCD	none	InChI=1S/C17H14O4/c1-9-6-7-13-15(20)12-5-3-4-11(8-14(18)19)17(12)21-16(13)10(9)2/h3-7H,8H2,1-2H3,(H,18,19)	XGOYIMQSIKSOBS-UHFFFAOYSA-N	Orbitrap	ESI	1.2000000476839432	2	Tomas Pluskal	0.973405752811273	PASSED	0.99386805	0.9444444	474	Orbitrap ID-X	nan	mzspec:MSVPLACEHOLDERID:20220601_pluskal_mce_1D1_A2_id.mzML:474	[M+H]+	1	101	example_5_spectra.mgf	+	Vadimezan	Cc1c(C)c2c(cc1)c(=O)c1cccc(CC(=O)O)c1o2	0	[[91.053741, 105.069382, 141.069168, 152.061859, 153.069305, 155.085022, 158.033508, 165.069733, 166.077545, 167.085587, 168.093094, 178.077515, 179.085281, 181.06459, 181.101135, 183.116669, 190.078049, 191.085159, 193.101242, 194.07254, 195.080231, 196.087906, 208.088181, 209.059555, 209.096024, 209.119858, 210.104065, 221.096359, 222.067566, 223.0755, 225.091003, 236.083176, 237.090988, 238.098816, 239.106781, 283.096832], [1.144, 1.254, 1.139, 1.019, 1.283, 0.966, 1.081, 7.345, 9.805, 4.037, 3.638, 2.42, 1.429, 6.555, 2.534, 0.903, 0.997, 1.264, 1.467, 10.324, 21.628, 3.722, 2.735, 0.982, 59.124, 0.749, 2.296, 0.981, 2.431, 19.616, 2.035, 2.085, 100.0, 15.987, 0.935, 2.447]]	[[95.08592987060547, 105.0699234008789, 107.08592224121094, 134.09681701660156, 135.08059692382812, 165.0702667236328, 167.085693359375, 178.07772827148438, 179.08526611328125, 180.0923309326172, 181.10154724121094, 183.11756896972656, 183.96861267089844, 192.0929718017578, 193.08566284179688, 193.1013946533203, 194.109375, 195.0812225341797, 195.11598205566406, 195.54331970214844, 196.0871124267578, 201.98008728027344, 204.09381103515625, 204.5484619140625, 207.08132934570312, 207.11680603027344, 208.087890625, 208.1211395263672, 209.13278198242188, 210.13619995117188, 213.1272430419922, 218.5458984375, 219.1170196533203, 220.08840942382812, 220.12098693847656, 221.09486389160156, 221.13246154785156, 222.10386657714844, 223.07595825195312, 223.1081085205078, 235.11170959472656, 236.08387756347656, 236.11770629882812, 237.1273956298828, 238.13070678710938, 239.1381072998047, 241.12245178222656, 247.11221313476562, 248.0836181640625, 250.09890747070312, 251.10215759277344, 252.11480712890625, 263.106689453125, 264.1104431152344, 264.13946533203125, 264.268310546875, 265.1224365234375, 266.1254577636719, 267.1386413574219, 268.1089172363281], [0.012955032289028168, 0.015541189350187778, 0.029084302484989166, 0.007172474171966314, 0.0147160729393363, 0.013345245271921158, 0.02590891346335411, 0.010438859462738037, 0.06309262663125992, 0.015617502853274345, 0.02442018687725067, 0.005827144719660282, 0.007278841454535723, 0.013880815356969833, 0.01127720344811678, 0.01914685219526291, 0.1405028998851776, 0.01508679986000061, 0.052052825689315796, 0.0068454016000032425, 0.014052855782210827, 0.007625779137015343, 0.042238835245370865, 0.006434362847357988, 0.005447630770504475, 0.04366545379161835, 0.006432492285966873, 0.017268763855099678, 0.7981011271476746, 0.15592530369758606, 0.00691240793094039, 0.006674191448837519, 0.09787691384553909, 0.012418502010405064, 0.021414244547486305, 0.011711498722434044, 0.005989143159240484, 0.13942700624465942, 0.03372158482670784, 0.03210415691137314, 0.033449579030275345, 0.012299776077270508, 0.026156794279813766, 1.0, 0.2233547568321228, 0.01777179352939129, 0.01934019848704338, 0.016240056604146957, 0.005455186124891043, 0.22018735110759735, 0.03822401538491249, 0.006700144149363041, 0.332162469625473, 0.20487971603870392, 0.014837678521871567, 0.021053198724985123, 0.6423083543777466, 0.14336936175823212, 0.037403300404548645, 0.012044978328049183]]	4	34290345	5	0.74789923	0.00026985497	-1330508343372562244	2017-02-09 11:46:29.0	Co culture experiment with F. fujikuroi and R. s. media	MSV000080540				NCBITaxon:5127;NCBITaxon:305	Fusarium fujikuroi	GNPS Fusarium		KO_lowB_pos_frag
113.94	283.09648	282.1238	Corinna Brungs	MSVPLACEHOLDERID	MCE bioactive compounds library	282.089209	C17H14O4	HCD	none	InChI=1S/C17H14O4/c1-9-6-7-13-15(20)12-5-3-4-11(8-14(18)19)17(12)21-16(13)10(9)2/h3-7H,8H2,1-2H3,(H,18,19)	XGOYIMQSIKSOBS-UHFFFAOYSA-N	Orbitrap	ESI	1.2000000476839432	2	Tomas Pluskal	0.973405752811273	PASSED	0.99386805	0.9444444	474	Orbitrap ID-X	nan	mzspec:MSVPLACEHOLDERID:20220601_pluskal_mce_1D1_A2_id.mzML:474	[M+H]+	1	101	example_5_spectra.mgf	+	Vadimezan	Cc1c(C)c2c(cc1)c(=O)c1cccc(CC(=O)O)c1o2	0	[[91.053741, 105.069382, 141.069168, 152.061859, 153.069305, 155.085022, 158.033508, 165.069733, 166.077545, 167.085587, 168.093094, 178.077515, 179.085281, 181.06459, 181.101135, 183.116669, 190.078049, 191.085159, 193.101242, 194.07254, 195.080231, 196.087906, 208.088181, 209.059555, 209.096024, 209.119858, 210.104065, 221.096359, 222.067566, 223.0755, 225.091003, 236.083176, 237.090988, 238.098816, 239.106781, 283.096832], [1.144, 1.254, 1.139, 1.019, 1.283, 0.966, 1.081, 7.345, 9.805, 4.037, 3.638, 2.42, 1.429, 6.555, 2.534, 0.903, 0.997, 1.264, 1.467, 10.324, 21.628, 3.722, 2.735, 0.982, 59.124, 0.749, 2.296, 0.981, 2.431, 19.616, 2.035, 2.085, 100.0, 15.987, 0.935, 2.447]]	[[115.05573272705078, 140.0491485595703, 142.06692504882812, 154.06524658203125, 155.06959533691406, 167.0594482421875, 168.0715789794922, 169.07562255859375, 181.07644653320312, 182.08392333984375, 183.0896759033203, 193.07716369628906, 195.09237670898438, 196.09469604492188, 206.08900451660156, 207.0900421142578, 209.106689453125, 210.1108856201172, 237.1019744873047, 238.1089630126953, 265.0971374511719, 266.100830078125, 282.12255859375, 283.1277160644531, 284.1316833496094], [0.02196095883846283, 0.009538598358631134, 0.00776397529989481, 0.02462289296090603, 0.009760426357388496, 0.015971606597304344, 0.015084294602274895, 0.01330967154353857, 0.027284827083349228, 0.3371783494949341, 0.04370008781552315, 0.02373558096587658, 0.150177463889122, 0.019742678850889206, 0.01197870448231697, 0.01552795059978962, 0.14884649217128754, 0.012422360479831696, 0.2480035424232483, 0.013087843544781208, 1.0, 0.10825199633836746, 0.044365573674440384, 0.009316770359873772, 0.010204081423580647]]	4	23453904	6	0.7476636	0.00022131162	-3630858700374029642	2021-09-23 12:21:27.0	"Comparison of wild cultures of BRA-346 and heterologous expression of epn/tmc BGC in M1146. Beds were also produced (culture growth and host bacteria growth). AcOEt extracts analyses were performed using UPLCMS/MS and MS data was processed using NP3_MS_workflow.  Figure 5 dataset from Vieira et al., 2022: ""Heterologous expression of the epn/tmc BGC of BRA-346""  "	MSV000088150	ESI-qQTOF Impact II	ESI-qQTOF Impact II	Marine Bacteria	Streptomyces sp. BRA-346	Streptomyces sp. BRA-346	GNPS Streptomyces sp. BRA-346_HeterologousExpression		20210713_C4_MeioA1_Ext_POS_2-G%2C2_01_26260.d
113.94	283.09648	265.12213	Corinna Brungs	MSVPLACEHOLDERID	MCE bioactive compounds library	282.089209	C17H14O4	HCD	none	InChI=1S/C17H14O4/c1-9-6-7-13-15(20)12-5-3-4-11(8-14(18)19)17(12)21-16(13)10(9)2/h3-7H,8H2,1-2H3,(H,18,19)	XGOYIMQSIKSOBS-UHFFFAOYSA-N	Orbitrap	ESI	1.2000000476839432	2	Tomas Pluskal	0.973405752811273	PASSED	0.99386805	0.9444444	474	Orbitrap ID-X	nan	mzspec:MSVPLACEHOLDERID:20220601_pluskal_mce_1D1_A2_id.mzML:474	[M+H]+	1	101	example_5_spectra.mgf	+	Vadimezan	Cc1c(C)c2c(cc1)c(=O)c1cccc(CC(=O)O)c1o2	1	[[91.053741, 105.069382, 141.069168, 152.061859, 153.069305, 155.085022, 158.033508, 165.069733, 166.077545, 167.085587, 168.093094, 178.077515, 179.085281, 181.06459, 181.101135, 183.116669, 190.078049, 191.085159, 193.101242, 194.07254, 195.080231, 196.087906, 208.088181, 209.059555, 209.096024, 209.119858, 210.104065, 221.096359, 222.067566, 223.0755, 225.091003, 236.083176, 237.090988, 238.098816, 239.106781, 283.096832], [1.144, 1.254, 1.139, 1.019, 1.283, 0.966, 1.081, 7.345, 9.805, 4.037, 3.638, 2.42, 1.429, 6.555, 2.534, 0.903, 0.997, 1.264, 1.467, 10.324, 21.628, 3.722, 2.735, 0.982, 59.124, 0.749, 2.296, 0.981, 2.431, 19.616, 2.035, 2.085, 100.0, 15.987, 0.935, 2.447]]	[[77.18266296386719, 80.22976684570312, 80.2347412109375, 95.71524047851562, 108.2920913696289, 114.7337875366211, 142.18856811523438, 179.08560180664062, 193.1004180908203, 194.1092987060547, 195.11705017089844, 204.0935821533203, 207.08050537109375, 209.1322784423828, 219.11729431152344, 222.10403442382812, 237.1277313232422, 239.24008178710938, 248.96072387695312, 250.09877014160156, 265.1219177246094, 265.2644958496094, 268.1111755371094, 268.23968505859375], [0.03910749405622482, 0.040893781930208206, 0.03474158048629761, 0.03524809703230858, 0.04248010367155075, 0.037312764674425125, 0.03825453668832779, 0.2905293405056, 0.03924718499183655, 0.2576504647731781, 0.04064714163541794, 0.05991559475660324, 0.048813845962285995, 0.9353247880935669, 0.08369535952806473, 0.1976574957370758, 1.0, 0.04127070680260658, 0.044446371495723724, 0.09038391709327698, 0.6414470672607422, 0.15201883018016815, 0.04418762028217316, 0.04330933839082718]]	4	23359759	7	0.7459952	0.0002172356	-3636343070815567682	2018-07-25 10:23:13.0	Non-targetd metabolomics of Fusarium - Serratia interaction on PDA aggar plates.	MSV000082662				NCBITaxon:5516;NCBITaxon:82996	Fusarium culmorum	GNPS - Fusarium - Serratia Interaction		F5
113.94	283.09648	282.12375	Corinna Brungs	MSVPLACEHOLDERID	MCE bioactive compounds library	282.089209	C17H14O4	HCD	none	InChI=1S/C17H14O4/c1-9-6-7-13-15(20)12-5-3-4-11(8-14(18)19)17(12)21-16(13)10(9)2/h3-7H,8H2,1-2H3,(H,18,19)	XGOYIMQSIKSOBS-UHFFFAOYSA-N	Orbitrap	ESI	1.2000000476839432	2	Tomas Pluskal	0.973405752811273	PASSED	0.99386805	0.9444444	474	Orbitrap ID-X	nan	mzspec:MSVPLACEHOLDERID:20220601_pluskal_mce_1D1_A2_id.mzML:474	[M+H]+	1	101	example_5_spectra.mgf	+	Vadimezan	Cc1c(C)c2c(cc1)c(=O)c1cccc(CC(=O)O)c1o2	0	[[91.053741, 105.069382, 141.069168, 152.061859, 153.069305, 155.085022, 158.033508, 165.069733, 166.077545, 167.085587, 168.093094, 178.077515, 179.085281, 181.06459, 181.101135, 183.116669, 190.078049, 191.085159, 193.101242, 194.07254, 195.080231, 196.087906, 208.088181, 209.059555, 209.096024, 209.119858, 210.104065, 221.096359, 222.067566, 223.0755, 225.091003, 236.083176, 237.090988, 238.098816, 239.106781, 283.096832], [1.144, 1.254, 1.139, 1.019, 1.283, 0.966, 1.081, 7.345, 9.805, 4.037, 3.638, 2.42, 1.429, 6.555, 2.534, 0.903, 0.997, 1.264, 1.467, 10.324, 21.628, 3.722, 2.735, 0.982, 59.124, 0.749, 2.296, 0.981, 2.431, 19.616, 2.035, 2.085, 100.0, 15.987, 0.935, 2.447]]	[[115.05469512939453, 140.05035400390625, 143.06707763671875, 149.52084350585938, 154.0628204345703, 167.06700134277344, 168.07508850097656, 169.07525634765625, 181.07550048828125, 182.08421325683594, 183.08876037597656, 193.08131408691406, 195.09202575683594, 196.09779357910156, 207.0930938720703, 209.10836791992188, 210.11106872558594, 237.10232543945312, 238.10763549804688, 265.0977783203125, 266.10211181640625, 267.0995788574219, 282.1241149902344, 283.11639404296875], [0.014482258819043636, 0.011103065684437752, 0.00820661336183548, 0.007965242490172386, 0.01979242078959942, 0.012551290914416313, 0.007965242490172386, 0.022447502240538597, 0.042239923030138016, 0.27588704228401184, 0.025585325434803963, 0.011827178299427032, 0.1747525930404663, 0.02268887311220169, 0.021482018753886223, 0.08447984606027603, 0.017620082944631577, 0.21844074130058289, 0.010137581266462803, 1.0, 0.080376535654068, 0.008930726908147335, 0.06275645643472672, 0.009654839523136616]]	4	61282743	8	0.7454555	0.00022131162	5736628524556610230	2021-09-23 12:21:27.0	"Comparison of wild cultures of BRA-346 and heterologous expression of epn/tmc BGC in M1146. Beds were also produced (culture growth and host bacteria growth). AcOEt extracts analyses were performed using UPLCMS/MS and MS data was processed using NP3_MS_workflow.  Figure 5 dataset from Vieira et al., 2022: ""Heterologous expression of the epn/tmc BGC of BRA-346""  "	MSV000088150	ESI-qQTOF Impact II	ESI-qQTOF Impact II	Marine Bacteria	Streptomyces sp. BRA-346	Streptomyces sp. BRA-346	GNPS Streptomyces sp. BRA-346_HeterologousExpression		20210713_C4_MeioA1_Ext_POS_2-G%2C2_01_26260.d
113.94	283.09648	237.09084	Corinna Brungs	MSVPLACEHOLDERID	MCE bioactive compounds library	282.089209	C17H14O4	HCD	none	InChI=1S/C17H14O4/c1-9-6-7-13-15(20)12-5-3-4-11(8-14(18)19)17(12)21-16(13)10(9)2/h3-7H,8H2,1-2H3,(H,18,19)	XGOYIMQSIKSOBS-UHFFFAOYSA-N	Orbitrap	ESI	1.2000000476839432	2	Tomas Pluskal	0.973405752811273	PASSED	0.99386805	0.9444444	474	Orbitrap ID-X	nan	mzspec:MSVPLACEHOLDERID:20220601_pluskal_mce_1D1_A2_id.mzML:474	[M+H]+	1	101	example_5_spectra.mgf	+	Vadimezan	Cc1c(C)c2c(cc1)c(=O)c1cccc(CC(=O)O)c1o2	1	[[91.053741, 105.069382, 141.069168, 152.061859, 153.069305, 155.085022, 158.033508, 165.069733, 166.077545, 167.085587, 168.093094, 178.077515, 179.085281, 181.06459, 181.101135, 183.116669, 190.078049, 191.085159, 193.101242, 194.07254, 195.080231, 196.087906, 208.088181, 209.059555, 209.096024, 209.119858, 210.104065, 221.096359, 222.067566, 223.0755, 225.091003, 236.083176, 237.090988, 238.098816, 239.106781, 283.096832], [1.144, 1.254, 1.139, 1.019, 1.283, 0.966, 1.081, 7.345, 9.805, 4.037, 3.638, 2.42, 1.429, 6.555, 2.534, 0.903, 0.997, 1.264, 1.467, 10.324, 21.628, 3.722, 2.735, 0.982, 59.124, 0.749, 2.296, 0.981, 2.431, 19.616, 2.035, 2.085, 100.0, 15.987, 0.935, 2.447]]	[[61.34654998779297, 63.732505798339844, 79.65899658203125, 87.84130096435547, 116.62353515625, 117.95352172851562, 153.06967163085938, 165.07009887695312, 166.0778350830078, 170.0724334716797, 181.06576538085938, 181.1009521484375, 190.07745361328125, 191.0848846435547, 194.0726776123047, 208.08831787109375, 209.0961151123047, 237.0906219482422, 237.11073303222656, 250.52642822265625], [0.04876752197742462, 0.05995013937354088, 0.047928012907505035, 0.048165153712034225, 0.06056595966219902, 0.052874498069286346, 0.14279358088970184, 0.24855439364910126, 0.3661690354347229, 0.17733262479305267, 0.09422825276851654, 0.17780496180057526, 0.07671765238046646, 0.3111254572868347, 0.31719470024108887, 0.09903223067522049, 0.20380714535713196, 1.0, 0.24525809288024902, 0.057044148445129395]]	4	35004820	9	0.7429331	8.0110294e-05	-1183492058275519204	2019-04-02 13:01:54.0	Investigation of small molecules detected in bacterial inhibitory zone. Data were generated on a Thermo Q Exactive and C18 RP UHPLC. Positive polarity acquisition on LC-MS/MS.	MSV000083651	MS:1001911	Q Exactive	bacteria	NCBITaxon:2742	Marinobacter	GNPS - Bacterial inhibitory zone exp 20190118	Julia Gauglitz (jgauglitz)	B2_10x
69.34	294.20637	294.18478	Corinna Brungs	MSVPLACEHOLDERID	MCE bioactive compounds library	293.199094	C17H27NO3	HCD	none	InChI=1S/C17H27NO3/c1-11-6-5-9-17(2)15(21-17)14-12(8-7-11)13(10-18(3)4)16(19)20-14/h6,12-15H,5,7-10H2,1-4H3/b11-6-/t12-,13+,14-,15+,17+/m0/s1	UJNSFDHVIBGEJZ-CMRIBGNTSA-N	Orbitrap	ESI	1.2000000476839432	2	Tomas Pluskal	1.0	PASSED	0.95719075	0.91803277	-1	Orbitrap ID-X	ALL_ENERGIES	mzspec:MSVPLACEHOLDERID:20220601_100AGC_pluskal_mce_1D1_A13_id.mzML:-1	[M+H]+	1	1	example_5_spectra.mgf	+	DMAPT	C/C1=C/CC[C@@]2(C)O[C@@H]2[C@H]2OC(=O)[C@H](CN(C)C)[C@@H]2CC1	1	[[42.033739, 43.017743, 43.041538, 44.049385, 46.064932, 55.053921, 56.049297, 58.061086, 58.064829, 58.068315, 58.071661, 58.074808, 67.053963, 69.069565, 79.053978, 81.069616, 82.064804, 84.080497, 91.053903, 93.069577, 94.064888, 95.048843, 95.085147, 97.088348, 98.059745, 105.069597, 106.064804, 107.085253, 108.080338, 109.064416, 109.100923, 110.096075, 116.070213, 117.069763, 119.085279, 121.100884, 129.069626, 131.085311, 133.10089, 134.059753, 135.117294, 144.093231, 145.100601, 147.11673, 149.13218, 159.116485, 161.131911, 164.107071, 164.143127, 175.112091, 177.127193, 185.13264, 192.174698, 203.14307, 222.185104, 231.13818, 249.148476, 250.216614, 251.117976, 294.128296, 294.206632], [2.023, 1.244, 0.375, 0.271, 0.633, 0.247, 0.434, 0.921, 100.0, 4.309, 1.067, 0.3, 0.832, 0.262, 1.014, 1.317, 0.901, 0.567, 1.516, 2.084, 0.298, 0.28, 0.577, 0.201, 0.372, 1.626, 0.358, 1.159, 0.242, 0.257, 0.465, 1.043, 0.429, 0.601, 1.489, 0.483, 0.285, 0.665, 0.474, 0.937, 0.205, 0.522, 0.202, 0.298, 2.214, 2.567, 0.35, 0.243, 0.255, 0.209, 1.388, 0.432, 0.38, 0.317, 0.206, 0.57, 2.331, 0.841, 1.62, 0.191, 26.983]]	[[58.061134338378906, 58.06263732910156, 58.065513610839844, 58.06834030151367, 65.48274230957031, 66.39801025390625, 68.25746154785156, 72.08033752441406, 72.53243255615234, 76.61042022705078, 85.81584930419922, 96.6545181274414, 107.1736068725586, 127.75816345214844, 134.65066528320312, 135.5710906982422, 159.8127899169922, 183.384521484375, 205.1006317138672, 206.48504638671875, 208.253173828125, 223.11167907714844, 231.11863708496094, 249.1268310546875, 282.8555908203125, 294.184326171875, 302.50848388671875], [0.05872547999024391, 0.18445901572704315, 1.0, 0.0519009567797184, 0.004646949470043182, 0.004100306425243616, 0.004626675974577665, 0.026778310537338257, 0.004427679348737001, 0.0040223863907158375, 0.004485911224037409, 0.004010925535112619, 0.004665379878133535, 0.0041588712483644485, 0.0038589320611208677, 0.004295835737138987, 0.004587129224091768, 0.004538172390311956, 0.0880199745297432, 0.005072634667158127, 0.004508037120103836, 0.005628797225654125, 0.005374861415475607, 0.051832906901836395, 0.004548270255327225, 0.974341869354248, 0.004093092400580645]]	0	15763885	1	0.7416081	0.00017120983	-5145091382627113507	2021-03-04 19:12:08.0	Non-targeted LC-MS/MS (pos + neg mode) of PPL SPE extracted seawater and aerosol samples from Imperial Beach study 2020.	MSV000087006	MS:1001910	LTQ Orbitrap Elite		NCBITaxon:33858	environmental samples <Bacillariophyta> (NCBITaxon:33858)	GNPS - IB2020 Ocean-Air transport Non-targted MS/MS pos/neg mode (Full Dataset)		QC_5
113.94	283.09648	265.1221	Corinna Brungs	MSVPLACEHOLDERID	MCE bioactive compounds library	282.089209	C17H14O4	HCD	none	InChI=1S/C17H14O4/c1-9-6-7-13-15(20)12-5-3-4-11(8-14(18)19)17(12)21-16(13)10(9)2/h3-7H,8H2,1-2H3,(H,18,19)	XGOYIMQSIKSOBS-UHFFFAOYSA-N	Orbitrap	ESI	1.2000000476839432	2	Tomas Pluskal	0.973405752811273	PASSED	0.99386805	0.9444444	474	Orbitrap ID-X	nan	mzspec:MSVPLACEHOLDERID:20220601_pluskal_mce_1D1_A2_id.mzML:474	[M+H]+	1	101	example_5_spectra.mgf	+	Vadimezan	Cc1c(C)c2c(cc1)c(=O)c1cccc(CC(=O)O)c1o2	0	[[91.053741, 105.069382, 141.069168, 152.061859, 153.069305, 155.085022, 158.033508, 165.069733, 166.077545, 167.085587, 168.093094, 178.077515, 179.085281, 181.06459, 181.101135, 183.116669, 190.078049, 191.085159, 193.101242, 194.07254, 195.080231, 196.087906, 208.088181, 209.059555, 209.096024, 209.119858, 210.104065, 221.096359, 222.067566, 223.0755, 225.091003, 236.083176, 237.090988, 238.098816, 239.106781, 283.096832], [1.144, 1.254, 1.139, 1.019, 1.283, 0.966, 1.081, 7.345, 9.805, 4.037, 3.638, 2.42, 1.429, 6.555, 2.534, 0.903, 0.997, 1.264, 1.467, 10.324, 21.628, 3.722, 2.735, 0.982, 59.124, 0.749, 2.296, 0.981, 2.431, 19.616, 2.035, 2.085, 100.0, 15.987, 0.935, 2.447]]	[[57.070499420166016, 73.06519317626953, 81.0702133178711, 95.08641052246094, 105.07011413574219, 107.0857162475586, 109.10136413574219, 115.07582092285156, 135.08047485351562, 143.07015991210938, 165.07008361816406, 167.08560180664062, 178.0785369873047, 179.0862579345703, 180.0916748046875, 181.1014404296875, 192.09304809570312, 193.04940795898438, 193.08506774902344, 193.1015625, 194.10940551757812, 195.0801544189453, 195.11639404296875, 196.08889770507812, 204.09437561035156, 204.5486297607422, 207.1175079345703, 208.12181091308594, 209.13279724121094, 210.13629150390625, 211.1469268798828, 218.54644775390625, 219.1169891357422, 220.0889892578125, 220.12057495117188, 221.1320343017578, 222.10423278808594, 223.07582092285156, 223.10826110839844, 224.11846923828125, 234.55859375, 235.11158752441406, 236.11705017089844, 237.12741088867188, 238.13072204589844, 239.1436004638672, 247.11183166503906, 248.11817932128906, 250.09909057617188, 251.1024169921875, 252.11538696289062, 263.10675048828125, 264.1101989746094, 264.13775634765625, 265.1225280761719, 266.12542724609375, 266.2837829589844, 267.1375427246094, 267.1611633300781, 268.1093444824219], [0.008076704107224941, 0.020684173330664635, 0.015964049845933914, 0.013215125538408756, 0.023779766634106636, 0.008839455433189869, 0.008896509185433388, 0.03696374222636223, 0.015043569728732109, 0.01572543941438198, 0.016284802928566933, 0.030883394181728363, 0.009592930786311626, 0.055657029151916504, 0.019683681428432465, 0.034819621592760086, 0.008887659758329391, 0.0200493186712265, 0.016113383695483208, 0.026886140927672386, 0.1338931918144226, 0.015281517058610916, 0.03740036115050316, 0.008005619049072266, 0.03292398154735565, 0.008012151345610619, 0.04567916691303253, 0.018001146614551544, 0.851566731929779, 0.15895161032676697, 0.017584843561053276, 0.017332272604107857, 0.11036940664052963, 0.00852496549487114, 0.02726290561258793, 0.016524875536561012, 0.12913011014461517, 0.036118585616350174, 0.020627396181225777, 0.020039651542901993, 0.01664033718407154, 0.043214038014411926, 0.023845484480261803, 1.0, 0.18220342695713043, 0.06396567821502686, 0.022037867456674576, 0.008524869568645954, 0.24863280355930328, 0.05644156411290169, 0.03677259758114815, 0.3251417875289917, 0.208481103181839, 0.013723642565310001, 0.7792619466781616, 0.18082168698310852, 0.016373183578252792, 0.09886174649000168, 0.010632024146616459, 0.01772853173315525]]	4	23455717	10	0.7409667	0.00026985497	-3630717455005531460	2017-02-09 11:46:29.0	Co culture experiment with F. fujikuroi and R. s. media	MSV000080540				NCBITaxon:5127;NCBITaxon:305	Fusarium fujikuroi	GNPS Fusarium		KO_lowB_pos_frag
115.08	498.07304	517.1394	Corinna Brungs	MSVPLACEHOLDERID	MCE bioactive compounds library	497.065759	C23H17Cl2N5O4	HCD	none	InChI=1S/C23H17Cl2N5O4/c1-34-23-27-11-14-8-16(22(33)29-19(14)30-23)21(32)28-18-9-13(5-6-17(18)25)20(31)26-10-12-3-2-4-15(24)7-12/h2-9,11H,10H2,1H3,(H,26,31)(H,28,32)(H,27,29,30,33)	CQKBSRPVZZLCJE-UHFFFAOYSA-N	Orbitrap	ESI	1.2000000476839432	2	Tomas Pluskal	1.0	PASSED	0.93082154	0.88461536	-1	Orbitrap ID-X	ALL_MSN_TO_PSEUDO_MS2	mzspec:MSVPLACEHOLDERID:20220601_pluskal_mce_1D1_A4_id.mzML:-1	[M+H]+	1	2	example_5_spectra.mgf	+	Mirk-IN-1	COc1ncc2cc(C(=O)Nc3c(Cl)ccc(C(=O)NCc4cc(Cl)ccc4)c3)c(=O)[nH]c2n1	1	[[42.033703, 58.028778, 59.032055, 60.03299, 63.022655, 64.017876, 65.038353, 66.033494, 69.992175, 78.033541, 79.028745, 86.060081, 87.06353, 88.064438, 91.017532, 93.044386, 104.049591, 105.044537, 105.052979, 106.028389, 120.055412, 121.039436, 125.014962, 133.027011, 133.039425, 135.018616, 148.050389, 154.005085, 160.050642, 161.034588, 176.045663, 194.056314, 204.040476, 221.080734, 222.05116, 222.087845, 223.089127, 248.069031, 249.074326, 250.078537, 251.081848, 277.029205, 293.066956, 308.148193, 309.15033, 310.153687, 321.062225, 357.03932, 411.191315, 412.193907, 413.196318, 498.073273], [6.933, 11.37, 2.116, 1.268, 2.006, 2.374, 0.923, 2.134, 1.938, 4.097, 1.257, 9.959, 3.769, 1.499, 3.789, 7.213, 5.292, 4.776, 3.494, 1.142, 7.778, 6.751, 2.948, 2.074, 3.979, 0.908, 4.721, 2.139, 3.311, 1.467, 22.882, 24.336, 24.707, 1.76, 100.0, 1.473, 1.679, 1.01, 2.424, 2.556, 1.513, 1.552, 1.309, 1.723, 3.711, 1.904, 1.269, 4.785, 1.423, 5.738, 8.005, 1.812]]	[[78.26417541503906, 80.62150573730469, 97.16949462890625, 99.02643585205078, 115.03255462646484, 116.01680755615234, 120.04409790039062, 126.0374526977539, 127.53402709960938, 128.10968017578125, 140.74745178222656, 150.03726196289062, 152.05300903320312, 162.0370330810547, 162.7822265625, 163.0454864501953, 164.05328369140625, 178.03176879882812, 179.06375122070312, 190.03187561035156, 190.06842041015625, 192.0481414794922, 196.02516174316406, 207.058349609375, 208.02268981933594, 208.0426483154297, 221.07437133789062, 222.08279418945312, 223.03570556640625, 237.2357177734375, 241.0460968017578, 245.0740966796875, 251.0669403076172, 255.06271362304688, 263.0860290527344, 265.0824890136719, 268.0946960449219, 277.1006164550781, 282.1075439453125, 287.0655212402344, 304.0938415527344, 310.1041564941406, 321.0549011230469, 322.1042175292969, 346.1039733886719, 378.6048278808594, 380.0908508300781, 415.1607666015625, 440.09124755859375, 499.1292419433594, 517.1404418945312], [0.012090579606592655, 0.01139828097075224, 0.013578934594988823, 0.017038583755493164, 0.02885238640010357, 0.014143039472401142, 0.1050630658864975, 0.02790752612054348, 0.012904927134513855, 0.013040954247117043, 0.011239862069487572, 0.030958054587244987, 0.013815515674650669, 0.060688506811857224, 0.01365139801055193, 0.04648305103182793, 0.036803845316171646, 0.16165125370025635, 0.14955680072307587, 0.026501594111323357, 0.03358200192451477, 0.01612723246216774, 0.12079036980867386, 0.13556283712387085, 0.0321170948445797, 0.9575527310371399, 1.0, 0.0191347599029541, 0.022223612293601036, 0.012646893039345741, 0.04570271074771881, 0.06989619880914688, 0.21311485767364502, 0.09961571544408798, 0.03832651302218437, 0.10975383967161179, 0.02051897719502449, 0.03499264642596245, 0.02104705013334751, 0.057109586894512177, 0.03580265864729881, 0.7161879539489746, 0.06667521595954895, 0.021225912496447563, 0.2128487229347229, 0.015955939888954163, 0.09753737598657608, 0.013861806131899357, 0.14570870995521545, 0.5771960616111755, 0.2303118258714676]]	1	17121850	1	0.73303163	0.00019260657	-4581269746781571452	2019-01-31 11:31:35.0	Metabolomics data from E. Coli Nissle (wild type, WT) and 3 E. Coli Nissle knockout (KO) strains grown in M-9 media and enriched M-9 media. 	MSV000083383	MS:1001911	Q Exactive	Zinc	E. Coli Nissle	E. Coli Nissle	GNPS - E. Coli Nissle wild type versus knockout strains grown with altered zinc levels		leptochelin_co
115.08	498.07304	517.1392	Corinna Brungs	MSVPLACEHOLDERID	MCE bioactive compounds library	497.065759	C23H17Cl2N5O4	HCD	none	InChI=1S/C23H17Cl2N5O4/c1-34-23-27-11-14-8-16(22(33)29-19(14)30-23)21(32)28-18-9-13(5-6-17(18)25)20(31)26-10-12-3-2-4-15(24)7-12/h2-9,11H,10H2,1H3,(H,26,31)(H,28,32)(H,27,29,30,33)	CQKBSRPVZZLCJE-UHFFFAOYSA-N	Orbitrap	ESI	1.2000000476839432	2	Tomas Pluskal	1.0	PASSED	0.93082154	0.88461536	-1	Orbitrap ID-X	ALL_MSN_TO_PSEUDO_MS2	mzspec:MSVPLACEHOLDERID:20220601_pluskal_mce_1D1_A4_id.mzML:-1	[M+H]+	1	2	example_5_spectra.mgf	+	Mirk-IN-1	COc1ncc2cc(C(=O)Nc3c(Cl)ccc(C(=O)NCc4cc(Cl)ccc4)c3)c(=O)[nH]c2n1	1	[[42.033703, 58.028778, 59.032055, 60.03299, 63.022655, 64.017876, 65.038353, 66.033494, 69.992175, 78.033541, 79.028745, 86.060081, 87.06353, 88.064438, 91.017532, 93.044386, 104.049591, 105.044537, 105.052979, 106.028389, 120.055412, 121.039436, 125.014962, 133.027011, 133.039425, 135.018616, 148.050389, 154.005085, 160.050642, 161.034588, 176.045663, 194.056314, 204.040476, 221.080734, 222.05116, 222.087845, 223.089127, 248.069031, 249.074326, 250.078537, 251.081848, 277.029205, 293.066956, 308.148193, 309.15033, 310.153687, 321.062225, 357.03932, 411.191315, 412.193907, 413.196318, 498.073273], [6.933, 11.37, 2.116, 1.268, 2.006, 2.374, 0.923, 2.134, 1.938, 4.097, 1.257, 9.959, 3.769, 1.499, 3.789, 7.213, 5.292, 4.776, 3.494, 1.142, 7.778, 6.751, 2.948, 2.074, 3.979, 0.908, 4.721, 2.139, 3.311, 1.467, 22.882, 24.336, 24.707, 1.76, 100.0, 1.473, 1.679, 1.01, 2.424, 2.556, 1.513, 1.552, 1.309, 1.723, 3.711, 1.904, 1.269, 4.785, 1.423, 5.738, 8.005, 1.812]]	[[79.3805160522461, 86.38146209716797, 98.005615234375, 98.64967346191406, 115.03287506103516, 120.0445327758789, 126.03722381591797, 150.03709411621094, 151.66812133789062, 162.0376739501953, 163.04513549804688, 164.05343627929688, 178.0321502685547, 179.0640106201172, 190.03135681152344, 190.06936645507812, 192.04696655273438, 196.02540588378906, 207.0588836669922, 208.04286193847656, 221.0745849609375, 222.08126831054688, 223.03746032714844, 241.04588317871094, 245.07553100585938, 251.06727600097656, 255.0626220703125, 263.08624267578125, 265.08245849609375, 266.9970397949219, 277.1023254394531, 282.10955810546875, 287.0676574707031, 304.0942077636719, 310.1044006347656, 321.0553894042969, 346.1046447753906, 380.09320068359375, 440.0917663574219, 499.05694580078125, 499.1295166015625, 517.140869140625, 528.4490356445312], [0.01323016919195652, 0.013097594492137432, 0.01398524735122919, 0.011871252208948135, 0.021082784980535507, 0.1506839394569397, 0.01866820827126503, 0.03860457241535187, 0.013682709075510502, 0.05572209879755974, 0.026088211685419083, 0.030842309817671776, 0.134902685880661, 0.12734562158584595, 0.021541358903050423, 0.030489761382341385, 0.01810326986014843, 0.10640302300453186, 0.19905415177345276, 1.0, 0.7691923379898071, 0.017240550369024277, 0.020038047805428505, 0.06595083326101303, 0.055622488260269165, 0.13644611835479736, 0.09269032627344131, 0.021753642708063126, 0.14989085495471954, 0.015331888571381569, 0.03053075261414051, 0.03426077216863632, 0.037143856287002563, 0.02325078658759594, 0.7538164854049683, 0.06146273761987686, 0.17074444890022278, 0.06400667876005173, 0.08455047011375427, 0.019979940727353096, 0.4065859019756317, 0.20884250104427338, 0.0169075895100832]]	1	17066177	2	0.72095245	0.00018775408	-4590259353887983996	2019-01-31 11:31:35.0	Metabolomics data from E. Coli Nissle (wild type, WT) and 3 E. Coli Nissle knockout (KO) strains grown in M-9 media and enriched M-9 media. 	MSV000083383	MS:1001911	Q Exactive	Zinc	E. Coli Nissle	E. Coli Nissle	GNPS - E. Coli Nissle wild type versus knockout strains grown with altered zinc levels		leptochelin_fe
115.08	498.07304	517.14056	Corinna Brungs	MSVPLACEHOLDERID	MCE bioactive compounds library	497.065759	C23H17Cl2N5O4	HCD	none	InChI=1S/C23H17Cl2N5O4/c1-34-23-27-11-14-8-16(22(33)29-19(14)30-23)21(32)28-18-9-13(5-6-17(18)25)20(31)26-10-12-3-2-4-15(24)7-12/h2-9,11H,10H2,1H3,(H,26,31)(H,28,32)(H,27,29,30,33)	CQKBSRPVZZLCJE-UHFFFAOYSA-N	Orbitrap	ESI	1.2000000476839432	2	Tomas Pluskal	1.0	PASSED	0.93082154	0.88461536	-1	Orbitrap ID-X	ALL_MSN_TO_PSEUDO_MS2	mzspec:MSVPLACEHOLDERID:20220601_pluskal_mce_1D1_A4_id.mzML:-1	[M+H]+	1	2	example_5_spectra.mgf	+	Mirk-IN-1	COc1ncc2cc(C(=O)Nc3c(Cl)ccc(C(=O)NCc4cc(Cl)ccc4)c3)c(=O)[nH]c2n1	1	[[42.033703, 58.028778, 59.032055, 60.03299, 63.022655, 64.017876, 65.038353, 66.033494, 69.992175, 78.033541, 79.028745, 86.060081, 87.06353, 88.064438, 91.017532, 93.044386, 104.049591, 105.044537, 105.052979, 106.028389, 120.055412, 121.039436, 125.014962, 133.027011, 133.039425, 135.018616, 148.050389, 154.005085, 160.050642, 161.034588, 176.045663, 194.056314, 204.040476, 221.080734, 222.05116, 222.087845, 223.089127, 248.069031, 249.074326, 250.078537, 251.081848, 277.029205, 293.066956, 308.148193, 309.15033, 310.153687, 321.062225, 357.03932, 411.191315, 412.193907, 413.196318, 498.073273], [6.933, 11.37, 2.116, 1.268, 2.006, 2.374, 0.923, 2.134, 1.938, 4.097, 1.257, 9.959, 3.769, 1.499, 3.789, 7.213, 5.292, 4.776, 3.494, 1.142, 7.778, 6.751, 2.948, 2.074, 3.979, 0.908, 4.721, 2.139, 3.311, 1.467, 22.882, 24.336, 24.707, 1.76, 100.0, 1.473, 1.679, 1.01, 2.424, 2.556, 1.513, 1.552, 1.309, 1.723, 3.711, 1.904, 1.269, 4.785, 1.423, 5.738, 8.005, 1.812]]	[[87.53571319580078, 108.1298828125, 115.03219604492188, 120.04436492919922, 124.02132415771484, 150.03707885742188, 151.14666748046875, 162.0374298095703, 163.04591369628906, 164.05242919921875, 176.949951171875, 178.0319366455078, 179.06375122070312, 190.06776428222656, 192.04762268066406, 196.0251922607422, 208.02685546875, 208.0426483154297, 221.07435607910156, 245.0752410888672, 251.06678771972656, 255.0619659423828, 263.0862121582031, 287.06842041015625, 304.09393310546875, 310.104736328125, 321.0546569824219, 346.104248046875, 349.56890869140625, 380.09063720703125, 407.3003234863281, 440.0921630859375, 453.32025146484375, 499.1291809082031, 517.136474609375], [0.019064486026763916, 0.016106607392430305, 0.020987926051020622, 0.07956506311893463, 0.017613481730222702, 0.03215162083506584, 0.016067946329712868, 0.049512892961502075, 0.01958429627120495, 0.029223231598734856, 0.020214945077896118, 0.10904113948345184, 0.18243548274040222, 0.03678038343787193, 0.023165861144661903, 0.06714510917663574, 0.011705764569342136, 0.5092777609825134, 1.0, 0.051135413348674774, 0.21345041692256927, 0.10536076873540878, 0.03056815266609192, 0.05896705761551857, 0.028359297662973404, 0.3739717900753021, 0.08901835978031158, 0.24452199041843414, 0.018311098217964172, 0.08919529616832733, 0.018874097615480423, 0.18054810166358948, 0.022287962958216667, 0.6176251173019409, 0.14074218273162842]]	1	17121845	3	0.71772945	0.00019260657	-4581276343322855804	2019-01-31 11:31:35.0	Metabolomics data from E. Coli Nissle (wild type, WT) and 3 E. Coli Nissle knockout (KO) strains grown in M-9 media and enriched M-9 media. 	MSV000083383	MS:1001911	Q Exactive	Zinc	E. Coli Nissle	E. Coli Nissle	GNPS - E. Coli Nissle wild type versus knockout strains grown with altered zinc levels		leptochelin_co
69.34	294.20637	294.1853	Corinna Brungs	MSVPLACEHOLDERID	MCE bioactive compounds library	293.199094	C17H27NO3	HCD	none	InChI=1S/C17H27NO3/c1-11-6-5-9-17(2)15(21-17)14-12(8-7-11)13(10-18(3)4)16(19)20-14/h6,12-15H,5,7-10H2,1-4H3/b11-6-/t12-,13+,14-,15+,17+/m0/s1	UJNSFDHVIBGEJZ-CMRIBGNTSA-N	Orbitrap	ESI	1.2000000476839432	2	Tomas Pluskal	1.0	PASSED	0.95719075	0.91803277	-1	Orbitrap ID-X	ALL_ENERGIES	mzspec:MSVPLACEHOLDERID:20220601_100AGC_pluskal_mce_1D1_A13_id.mzML:-1	[M+H]+	1	1	example_5_spectra.mgf	+	DMAPT	C/C1=C/CC[C@@]2(C)O[C@@H]2[C@H]2OC(=O)[C@H](CN(C)C)[C@@H]2CC1	1	[[42.033739, 43.017743, 43.041538, 44.049385, 46.064932, 55.053921, 56.049297, 58.061086, 58.064829, 58.068315, 58.071661, 58.074808, 67.053963, 69.069565, 79.053978, 81.069616, 82.064804, 84.080497, 91.053903, 93.069577, 94.064888, 95.048843, 95.085147, 97.088348, 98.059745, 105.069597, 106.064804, 107.085253, 108.080338, 109.064416, 109.100923, 110.096075, 116.070213, 117.069763, 119.085279, 121.100884, 129.069626, 131.085311, 133.10089, 134.059753, 135.117294, 144.093231, 145.100601, 147.11673, 149.13218, 159.116485, 161.131911, 164.107071, 164.143127, 175.112091, 177.127193, 185.13264, 192.174698, 203.14307, 222.185104, 231.13818, 249.148476, 250.216614, 251.117976, 294.128296, 294.206632], [2.023, 1.244, 0.375, 0.271, 0.633, 0.247, 0.434, 0.921, 100.0, 4.309, 1.067, 0.3, 0.832, 0.262, 1.014, 1.317, 0.901, 0.567, 1.516, 2.084, 0.298, 0.28, 0.577, 0.201, 0.372, 1.626, 0.358, 1.159, 0.242, 0.257, 0.465, 1.043, 0.429, 0.601, 1.489, 0.483, 0.285, 0.665, 0.474, 0.937, 0.205, 0.522, 0.202, 0.298, 2.214, 2.567, 0.35, 0.243, 0.255, 0.209, 1.388, 0.432, 0.38, 0.317, 0.206, 0.57, 2.331, 0.841, 1.62, 0.191, 26.983]]	[[51.71161651611328, 53.0628662109375, 56.10215759277344, 58.06111526489258, 58.06266403198242, 58.0655517578125, 58.06831359863281, 58.20966339111328, 59.94144058227539, 61.42005157470703, 72.08024597167969, 75.54911041259766, 90.94841766357422, 94.4261474609375, 99.72535705566406, 120.69755554199219, 136.68304443359375, 139.20640563964844, 142.20657348632812, 162.8992462158203, 171.91432189941406, 182.845703125, 183.92926025390625, 188.93679809570312, 189.69683837890625, 196.34939575195312, 202.913818359375, 205.1005401611328, 209.83447265625, 231.1145477294922, 249.12669372558594, 294.1842346191406], [0.005126096308231354, 0.004453254863619804, 0.004010738804936409, 0.054858531802892685, 0.2182917594909668, 1.0, 0.06672510504722595, 0.004722304176539183, 0.004572093021124601, 0.009104321710765362, 0.027383927255868912, 0.007053013890981674, 0.004350373521447182, 0.00465379236266017, 0.004057377111166716, 0.004337707534432411, 0.004481163807213306, 0.0051224492490291595, 0.005101720802485943, 0.004622646141797304, 0.004832556936889887, 0.005115892738103867, 0.005555496551096439, 0.005025343503803015, 0.004243298899382353, 0.004735738039016724, 0.007503783795982599, 0.08590159565210342, 0.004125448875129223, 0.00833063293248415, 0.04324100911617279, 0.9185136556625366]]	0	15748262	2	0.71543574	0.00028102697	-5148469632371890723	2021-03-04 19:12:08.0	Non-targeted LC-MS/MS (pos + neg mode) of PPL SPE extracted seawater and aerosol samples from Imperial Beach study 2020.	MSV000087006	MS:1001910	LTQ Orbitrap Elite		NCBITaxon:33858	environmental samples <Bacillariophyta> (NCBITaxon:33858)	GNPS - IB2020 Ocean-Air transport Non-targted MS/MS pos/neg mode (Full Dataset)		QC_2
69.34	294.20637	294.18634	Corinna Brungs	MSVPLACEHOLDERID	MCE bioactive compounds library	293.199094	C17H27NO3	HCD	none	InChI=1S/C17H27NO3/c1-11-6-5-9-17(2)15(21-17)14-12(8-7-11)13(10-18(3)4)16(19)20-14/h6,12-15H,5,7-10H2,1-4H3/b11-6-/t12-,13+,14-,15+,17+/m0/s1	UJNSFDHVIBGEJZ-CMRIBGNTSA-N	Orbitrap	ESI	1.2000000476839432	2	Tomas Pluskal	1.0	PASSED	0.95719075	0.91803277	-1	Orbitrap ID-X	ALL_ENERGIES	mzspec:MSVPLACEHOLDERID:20220601_100AGC_pluskal_mce_1D1_A13_id.mzML:-1	[M+H]+	1	1	example_5_spectra.mgf	+	DMAPT	C/C1=C/CC[C@@]2(C)O[C@@H]2[C@H]2OC(=O)[C@H](CN(C)C)[C@@H]2CC1	1	[[42.033739, 43.017743, 43.041538, 44.049385, 46.064932, 55.053921, 56.049297, 58.061086, 58.064829, 58.068315, 58.071661, 58.074808, 67.053963, 69.069565, 79.053978, 81.069616, 82.064804, 84.080497, 91.053903, 93.069577, 94.064888, 95.048843, 95.085147, 97.088348, 98.059745, 105.069597, 106.064804, 107.085253, 108.080338, 109.064416, 109.100923, 110.096075, 116.070213, 117.069763, 119.085279, 121.100884, 129.069626, 131.085311, 133.10089, 134.059753, 135.117294, 144.093231, 145.100601, 147.11673, 149.13218, 159.116485, 161.131911, 164.107071, 164.143127, 175.112091, 177.127193, 185.13264, 192.174698, 203.14307, 222.185104, 231.13818, 249.148476, 250.216614, 251.117976, 294.128296, 294.206632], [2.023, 1.244, 0.375, 0.271, 0.633, 0.247, 0.434, 0.921, 100.0, 4.309, 1.067, 0.3, 0.832, 0.262, 1.014, 1.317, 0.901, 0.567, 1.516, 2.084, 0.298, 0.28, 0.577, 0.201, 0.372, 1.626, 0.358, 1.159, 0.242, 0.257, 0.465, 1.043, 0.429, 0.601, 1.489, 0.483, 0.285, 0.665, 0.474, 0.937, 0.205, 0.522, 0.202, 0.298, 2.214, 2.567, 0.35, 0.243, 0.255, 0.209, 1.388, 0.432, 0.38, 0.317, 0.206, 0.57, 2.331, 0.841, 1.62, 0.191, 26.983]]	[[54.36351013183594, 56.950096130371094, 58.06294250488281, 58.06596755981445, 68.34860229492188, 70.03948974609375, 84.08146667480469, 162.13619995117188, 200.5555419921875, 221.45266723632812, 224.50611877441406, 249.12774658203125, 294.1856994628906], [0.0552859753370285, 0.05023728683590889, 0.0859295204281807, 1.0, 0.0656813308596611, 0.04937499761581421, 0.08644817024469376, 0.05303985998034477, 0.05525904521346092, 0.058094460517168045, 0.08082158863544464, 0.20783117413520813, 0.2600919008255005]]	0	29265403	3	0.7131204	0.00011411348	-2266165802135294499	2022-02-11 07:08:37.0	LC-MS/MS untargeted metabolomics of bacterial exo-metabolomes extracted by soil isolated actinomycetes, interacting experiments were realized in solid growth media.  	MSV000088821	MS:1002523	Q Exactive HF	Soil Bacteria	NCBITaxon:1654	Actinomyces (NCBITaxon:1654)	GNPS - Soil isolated Actinomycetes interaction		QC_mix_11
115.08	498.07304	527.15704	Corinna Brungs	MSVPLACEHOLDERID	MCE bioactive compounds library	497.065759	C23H17Cl2N5O4	HCD	none	InChI=1S/C23H17Cl2N5O4/c1-34-23-27-11-14-8-16(22(33)29-19(14)30-23)21(32)28-18-9-13(5-6-17(18)25)20(31)26-10-12-3-2-4-15(24)7-12/h2-9,11H,10H2,1H3,(H,26,31)(H,28,32)(H,27,29,30,33)	CQKBSRPVZZLCJE-UHFFFAOYSA-N	Orbitrap	ESI	1.2000000476839432	2	Tomas Pluskal	1.0	PASSED	0.93082154	0.88461536	-1	Orbitrap ID-X	ALL_MSN_TO_PSEUDO_MS2	mzspec:MSVPLACEHOLDERID:20220601_pluskal_mce_1D1_A4_id.mzML:-1	[M+H]+	1	2	example_5_spectra.mgf	+	Mirk-IN-1	COc1ncc2cc(C(=O)Nc3c(Cl)ccc(C(=O)NCc4cc(Cl)ccc4)c3)c(=O)[nH]c2n1	1	[[42.033703, 58.028778, 59.032055, 60.03299, 63.022655, 64.017876, 65.038353, 66.033494, 69.992175, 78.033541, 79.028745, 86.060081, 87.06353, 88.064438, 91.017532, 93.044386, 104.049591, 105.044537, 105.052979, 106.028389, 120.055412, 121.039436, 125.014962, 133.027011, 133.039425, 135.018616, 148.050389, 154.005085, 160.050642, 161.034588, 176.045663, 194.056314, 204.040476, 221.080734, 222.05116, 222.087845, 223.089127, 248.069031, 249.074326, 250.078537, 251.081848, 277.029205, 293.066956, 308.148193, 309.15033, 310.153687, 321.062225, 357.03932, 411.191315, 412.193907, 413.196318, 498.073273], [6.933, 11.37, 2.116, 1.268, 2.006, 2.374, 0.923, 2.134, 1.938, 4.097, 1.257, 9.959, 3.769, 1.499, 3.789, 7.213, 5.292, 4.776, 3.494, 1.142, 7.778, 6.751, 2.948, 2.074, 3.979, 0.908, 4.721, 2.139, 3.311, 1.467, 22.882, 24.336, 24.707, 1.76, 100.0, 1.473, 1.679, 1.01, 2.424, 2.556, 1.513, 1.552, 1.309, 1.723, 3.711, 1.904, 1.269, 4.785, 1.423, 5.738, 8.005, 1.812]]	[[98.55475616455078, 127.53095245361328, 130.9771270751953, 168.06903076171875, 170.4412078857422, 190.05088806152344, 191.05380249023438, 192.04554748535156, 203.05142211914062, 206.02618408203125, 206.04652404785156, 220.0618438720703, 357.11285400390625, 365.1052551269531, 424.8046569824219, 527.158447265625], [0.03153285011649132, 0.026484478265047073, 0.05139188468456268, 0.049149442464113235, 0.03243449702858925, 0.4395157992839813, 0.04374535754323006, 0.03337350860238075, 0.04748039320111275, 0.0315832756459713, 0.0525800883769989, 0.05135638266801834, 0.05461756885051727, 0.5877591371536255, 0.032001301646232605, 1.0]]	1	46532003	4	0.708986	0.00014985066	1722715439315574895	2020-03-20 15:11:03.0	Soil, sediment, corals, plants, insects, and water were collected across the Waimea Supertransect in Hawaii and metabolomics were run on extracted samples. 	MSV000085129				NCBITaxon:7215;NCBITaxon:300850;NCBITaxon:39376;NCBITaxon:87236;NCBITaxon:7160;NCBITaxon:387621	Drosophila <fruit fly, genus>	GNPS - Waimea Supertransect Metabolomics samples		2751_An_M5
115.08	498.07304	517.14014	Corinna Brungs	MSVPLACEHOLDERID	MCE bioactive compounds library	497.065759	C23H17Cl2N5O4	HCD	none	InChI=1S/C23H17Cl2N5O4/c1-34-23-27-11-14-8-16(22(33)29-19(14)30-23)21(32)28-18-9-13(5-6-17(18)25)20(31)26-10-12-3-2-4-15(24)7-12/h2-9,11H,10H2,1H3,(H,26,31)(H,28,32)(H,27,29,30,33)	CQKBSRPVZZLCJE-UHFFFAOYSA-N	Orbitrap	ESI	1.2000000476839432	2	Tomas Pluskal	1.0	PASSED	0.93082154	0.88461536	-1	Orbitrap ID-X	ALL_MSN_TO_PSEUDO_MS2	mzspec:MSVPLACEHOLDERID:20220601_pluskal_mce_1D1_A4_id.mzML:-1	[M+H]+	1	2	example_5_spectra.mgf	+	Mirk-IN-1	COc1ncc2cc(C(=O)Nc3c(Cl)ccc(C(=O)NCc4cc(Cl)ccc4)c3)c(=O)[nH]c2n1	1	[[42.033703, 58.028778, 59.032055, 60.03299, 63.022655, 64.017876, 65.038353, 66.033494, 69.992175, 78.033541, 79.028745, 86.060081, 87.06353, 88.064438, 91.017532, 93.044386, 104.049591, 105.044537, 105.052979, 106.028389, 120.055412, 121.039436, 125.014962, 133.027011, 133.039425, 135.018616, 148.050389, 154.005085, 160.050642, 161.034588, 176.045663, 194.056314, 204.040476, 221.080734, 222.05116, 222.087845, 223.089127, 248.069031, 249.074326, 250.078537, 251.081848, 277.029205, 293.066956, 308.148193, 309.15033, 310.153687, 321.062225, 357.03932, 411.191315, 412.193907, 413.196318, 498.073273], [6.933, 11.37, 2.116, 1.268, 2.006, 2.374, 0.923, 2.134, 1.938, 4.097, 1.257, 9.959, 3.769, 1.499, 3.789, 7.213, 5.292, 4.776, 3.494, 1.142, 7.778, 6.751, 2.948, 2.074, 3.979, 0.908, 4.721, 2.139, 3.311, 1.467, 22.882, 24.336, 24.707, 1.76, 100.0, 1.473, 1.679, 1.01, 2.424, 2.556, 1.513, 1.552, 1.309, 1.723, 3.711, 1.904, 1.269, 4.785, 1.423, 5.738, 8.005, 1.812]]	[[79.62399291992188, 88.72236633300781, 98.00559997558594, 99.02609252929688, 114.64461517333984, 115.03256225585938, 120.04431915283203, 124.02105712890625, 126.03699493408203, 136.61048889160156, 139.03311157226562, 145.0751953125, 150.03790283203125, 152.0535888671875, 154.06871032714844, 157.04295349121094, 160.3954315185547, 162.0371551513672, 163.0447540283203, 164.0529327392578, 178.0319061279297, 178.04583740234375, 179.0636749267578, 180.04774475097656, 190.03204345703125, 190.06825256347656, 192.04779052734375, 194.00955200195312, 196.02481079101562, 207.0580596923828, 208.0426788330078, 221.0743865966797, 221.5449981689453, 222.0823211669922, 223.03619384765625, 241.04627990722656, 245.07415771484375, 249.05169677734375, 251.06712341308594, 255.0618438720703, 262.03570556640625, 263.0851745605469, 265.08343505859375, 268.0934143066406, 277.1012878417969, 287.0673828125, 304.0941467285156, 310.1041564941406, 321.0542297363281, 322.10491943359375, 343.0911560058594, 346.10430908203125, 346.14544677734375, 380.0921936035156, 406.1022644042969, 440.09197998046875, 499.1289978027344, 517.1406860351562, 517.30859375], [0.005268121603876352, 0.006756363902240992, 0.014811072498559952, 0.01543751172721386, 0.006363278720527887, 0.024844327941536903, 0.1249307245016098, 0.006285456474870443, 0.02364620752632618, 0.006973014213144779, 0.008474974893033504, 0.0067069740034639835, 0.03424462676048279, 0.007491421420127153, 0.0066521503031253815, 0.014678819105029106, 0.006501576863229275, 0.04299165681004524, 0.03971854969859123, 0.029340125620365143, 0.12567530572414398, 0.01176414079964161, 0.16188660264015198, 0.006629321724176407, 0.01938902772963047, 0.02904539741575718, 0.022160949185490608, 0.009283148683607578, 0.09416931867599487, 0.05228172242641449, 0.7712804079055786, 1.0, 0.0062545295804739, 0.010783794336020947, 0.022636085748672485, 0.012486244551837444, 0.08983612805604935, 0.00977394636720419, 0.2195138931274414, 0.12025835365056992, 0.012041307985782623, 0.029209481552243233, 0.0431884303689003, 0.022185111418366432, 0.006963361985981464, 0.05180802568793297, 0.02572869323194027, 0.5762913823127747, 0.10104206949472427, 0.022372420877218246, 0.010884365066885948, 0.2721872329711914, 0.013912810012698174, 0.09288778156042099, 0.009172203950583935, 0.17164480686187744, 0.6116935610771179, 0.23332828283309937, 0.009135403670370579]]	1	17121849	5	0.7086322	0.00017858038	-4581269746785765756	2019-01-31 11:31:35.0	Metabolomics data from E. Coli Nissle (wild type, WT) and 3 E. Coli Nissle knockout (KO) strains grown in M-9 media and enriched M-9 media. 	MSV000083383	MS:1001911	Q Exactive	Zinc	E. Coli Nissle	E. Coli Nissle	GNPS - E. Coli Nissle wild type versus knockout strains grown with altered zinc levels		leptochelin_nometal_1
69.34	294.20637	294.18625	Corinna Brungs	MSVPLACEHOLDERID	MCE bioactive compounds library	293.199094	C17H27NO3	HCD	none	InChI=1S/C17H27NO3/c1-11-6-5-9-17(2)15(21-17)14-12(8-7-11)13(10-18(3)4)16(19)20-14/h6,12-15H,5,7-10H2,1-4H3/b11-6-/t12-,13+,14-,15+,17+/m0/s1	UJNSFDHVIBGEJZ-CMRIBGNTSA-N	Orbitrap	ESI	1.2000000476839432	2	Tomas Pluskal	1.0	PASSED	0.95719075	0.91803277	-1	Orbitrap ID-X	ALL_ENERGIES	mzspec:MSVPLACEHOLDERID:20220601_100AGC_pluskal_mce_1D1_A13_id.mzML:-1	[M+H]+	1	1	example_5_spectra.mgf	+	DMAPT	C/C1=C/CC[C@@]2(C)O[C@@H]2[C@H]2OC(=O)[C@H](CN(C)C)[C@@H]2CC1	1	[[42.033739, 43.017743, 43.041538, 44.049385, 46.064932, 55.053921, 56.049297, 58.061086, 58.064829, 58.068315, 58.071661, 58.074808, 67.053963, 69.069565, 79.053978, 81.069616, 82.064804, 84.080497, 91.053903, 93.069577, 94.064888, 95.048843, 95.085147, 97.088348, 98.059745, 105.069597, 106.064804, 107.085253, 108.080338, 109.064416, 109.100923, 110.096075, 116.070213, 117.069763, 119.085279, 121.100884, 129.069626, 131.085311, 133.10089, 134.059753, 135.117294, 144.093231, 145.100601, 147.11673, 149.13218, 159.116485, 161.131911, 164.107071, 164.143127, 175.112091, 177.127193, 185.13264, 192.174698, 203.14307, 222.185104, 231.13818, 249.148476, 250.216614, 251.117976, 294.128296, 294.206632], [2.023, 1.244, 0.375, 0.271, 0.633, 0.247, 0.434, 0.921, 100.0, 4.309, 1.067, 0.3, 0.832, 0.262, 1.014, 1.317, 0.901, 0.567, 1.516, 2.084, 0.298, 0.28, 0.577, 0.201, 0.372, 1.626, 0.358, 1.159, 0.242, 0.257, 0.465, 1.043, 0.429, 0.601, 1.489, 0.483, 0.285, 0.665, 0.474, 0.937, 0.205, 0.522, 0.202, 0.298, 2.214, 2.567, 0.35, 0.243, 0.255, 0.209, 1.388, 0.432, 0.38, 0.317, 0.206, 0.57, 2.331, 0.841, 1.62, 0.191, 26.983]]	[[56.45231628417969, 58.06596374511719, 58.06926727294922, 66.6435546875, 105.07023620605469, 112.51463317871094, 119.56427764892578, 130.0, 143.1962890625, 148.1829071044922, 219.36666870117188, 249.12826538085938, 294.1850891113281], [0.03393275663256645, 1.0, 0.05241691693663597, 0.040187329053878784, 0.040498871356248856, 0.04149510711431503, 0.040712788701057434, 0.03968042880296707, 0.03692396357655525, 0.03722156211733818, 0.1484154313802719, 0.15107616782188416, 0.20940212905406952]]	0	30679204	4	0.70703614	9.230322e-05	-1973431895545451043	2022-02-11 07:08:37.0	LC-MS/MS untargeted metabolomics of bacterial exo-metabolomes extracted by soil isolated actinomycetes, interacting experiments were realized in solid growth media.  	MSV000088821	MS:1002523	Q Exactive HF	Soil Bacteria	NCBITaxon:1654	Actinomyces (NCBITaxon:1654)	GNPS - Soil isolated Actinomycetes interaction		QC_mix_10
69.34	294.20637	294.18622	Corinna Brungs	MSVPLACEHOLDERID	MCE bioactive compounds library	293.199094	C17H27NO3	HCD	none	InChI=1S/C17H27NO3/c1-11-6-5-9-17(2)15(21-17)14-12(8-7-11)13(10-18(3)4)16(19)20-14/h6,12-15H,5,7-10H2,1-4H3/b11-6-/t12-,13+,14-,15+,17+/m0/s1	UJNSFDHVIBGEJZ-CMRIBGNTSA-N	Orbitrap	ESI	1.2000000476839432	2	Tomas Pluskal	1.0	PASSED	0.95719075	0.91803277	-1	Orbitrap ID-X	ALL_ENERGIES	mzspec:MSVPLACEHOLDERID:20220601_100AGC_pluskal_mce_1D1_A13_id.mzML:-1	[M+H]+	1	1	example_5_spectra.mgf	+	DMAPT	C/C1=C/CC[C@@]2(C)O[C@@H]2[C@H]2OC(=O)[C@H](CN(C)C)[C@@H]2CC1	1	[[42.033739, 43.017743, 43.041538, 44.049385, 46.064932, 55.053921, 56.049297, 58.061086, 58.064829, 58.068315, 58.071661, 58.074808, 67.053963, 69.069565, 79.053978, 81.069616, 82.064804, 84.080497, 91.053903, 93.069577, 94.064888, 95.048843, 95.085147, 97.088348, 98.059745, 105.069597, 106.064804, 107.085253, 108.080338, 109.064416, 109.100923, 110.096075, 116.070213, 117.069763, 119.085279, 121.100884, 129.069626, 131.085311, 133.10089, 134.059753, 135.117294, 144.093231, 145.100601, 147.11673, 149.13218, 159.116485, 161.131911, 164.107071, 164.143127, 175.112091, 177.127193, 185.13264, 192.174698, 203.14307, 222.185104, 231.13818, 249.148476, 250.216614, 251.117976, 294.128296, 294.206632], [2.023, 1.244, 0.375, 0.271, 0.633, 0.247, 0.434, 0.921, 100.0, 4.309, 1.067, 0.3, 0.832, 0.262, 1.014, 1.317, 0.901, 0.567, 1.516, 2.084, 0.298, 0.28, 0.577, 0.201, 0.372, 1.626, 0.358, 1.159, 0.242, 0.257, 0.465, 1.043, 0.429, 0.601, 1.489, 0.483, 0.285, 0.665, 0.474, 0.937, 0.205, 0.522, 0.202, 0.298, 2.214, 2.567, 0.35, 0.243, 0.255, 0.209, 1.388, 0.432, 0.38, 0.317, 0.206, 0.57, 2.331, 0.841, 1.62, 0.191, 26.983]]	[[52.59100341796875, 57.58820343017578, 58.06597900390625, 59.06881332397461, 64.00386810302734, 74.09709930419922, 81.31265258789062, 84.08135986328125, 91.05472564697266, 105.07027435302734, 117.07000732421875, 186.43333435058594, 193.10107421875, 225.12757873535156, 249.12832641601562, 294.18658447265625, 312.7826232910156], [0.03177763894200325, 0.034936390817165375, 1.0, 0.03240897133946419, 0.03881020471453667, 0.03415581211447716, 0.03763007000088692, 0.07866817712783813, 0.0472225621342659, 0.03919610753655434, 0.04202985763549805, 0.0336843878030777, 0.0340830460190773, 0.06578327715396881, 0.18220146000385284, 0.33578789234161377, 0.04007679969072342]]	0	29311507	5	0.70629007	9.77151e-05	-2261662202508186147	2022-02-11 07:08:37.0	LC-MS/MS untargeted metabolomics of bacterial exo-metabolomes extracted by soil isolated actinomycetes, interacting experiments were realized in solid growth media.  	MSV000088821	MS:1002523	Q Exactive HF	Soil Bacteria	NCBITaxon:1654	Actinomyces (NCBITaxon:1654)	GNPS - Soil isolated Actinomycetes interaction		QC_mix_8
115.08	498.07304	517.14026	Corinna Brungs	MSVPLACEHOLDERID	MCE bioactive compounds library	497.065759	C23H17Cl2N5O4	HCD	none	InChI=1S/C23H17Cl2N5O4/c1-34-23-27-11-14-8-16(22(33)29-19(14)30-23)21(32)28-18-9-13(5-6-17(18)25)20(31)26-10-12-3-2-4-15(24)7-12/h2-9,11H,10H2,1H3,(H,26,31)(H,28,32)(H,27,29,30,33)	CQKBSRPVZZLCJE-UHFFFAOYSA-N	Orbitrap	ESI	1.2000000476839432	2	Tomas Pluskal	1.0	PASSED	0.93082154	0.88461536	-1	Orbitrap ID-X	ALL_MSN_TO_PSEUDO_MS2	mzspec:MSVPLACEHOLDERID:20220601_pluskal_mce_1D1_A4_id.mzML:-1	[M+H]+	1	2	example_5_spectra.mgf	+	Mirk-IN-1	COc1ncc2cc(C(=O)Nc3c(Cl)ccc(C(=O)NCc4cc(Cl)ccc4)c3)c(=O)[nH]c2n1	1	[[42.033703, 58.028778, 59.032055, 60.03299, 63.022655, 64.017876, 65.038353, 66.033494, 69.992175, 78.033541, 79.028745, 86.060081, 87.06353, 88.064438, 91.017532, 93.044386, 104.049591, 105.044537, 105.052979, 106.028389, 120.055412, 121.039436, 125.014962, 133.027011, 133.039425, 135.018616, 148.050389, 154.005085, 160.050642, 161.034588, 176.045663, 194.056314, 204.040476, 221.080734, 222.05116, 222.087845, 223.089127, 248.069031, 249.074326, 250.078537, 251.081848, 277.029205, 293.066956, 308.148193, 309.15033, 310.153687, 321.062225, 357.03932, 411.191315, 412.193907, 413.196318, 498.073273], [6.933, 11.37, 2.116, 1.268, 2.006, 2.374, 0.923, 2.134, 1.938, 4.097, 1.257, 9.959, 3.769, 1.499, 3.789, 7.213, 5.292, 4.776, 3.494, 1.142, 7.778, 6.751, 2.948, 2.074, 3.979, 0.908, 4.721, 2.139, 3.311, 1.467, 22.882, 24.336, 24.707, 1.76, 100.0, 1.473, 1.679, 1.01, 2.424, 2.556, 1.513, 1.552, 1.309, 1.723, 3.711, 1.904, 1.269, 4.785, 1.423, 5.738, 8.005, 1.812]]	[[76.39435577392578, 82.85545349121094, 92.05687713623047, 96.48493194580078, 98.00565338134766, 99.026611328125, 115.03230285644531, 120.04424285888672, 120.20246887207031, 126.03694152832031, 127.04449462890625, 145.07598876953125, 150.03729248046875, 152.0535430908203, 157.04241943359375, 162.03749084472656, 163.04502868652344, 164.0529022216797, 172.35626220703125, 178.0321044921875, 179.06361389160156, 190.0684814453125, 192.0480194091797, 196.02528381347656, 208.042724609375, 213.05154418945312, 221.07440185546875, 223.03598022460938, 225.72804260253906, 245.07472229003906, 246.4117431640625, 249.05303955078125, 251.06695556640625, 255.06202697753906, 263.0870666503906, 268.09283447265625, 282.0754089355469, 287.06744384765625, 288.076171875, 304.0933532714844, 310.10418701171875, 321.05523681640625, 322.105224609375, 343.0947265625, 346.1045227050781, 380.0924377441406, 440.09197998046875, 457.11669921875, 499.12945556640625, 502.92547607421875, 517.139892578125], [0.0074407984502613544, 0.009093455970287323, 0.00820624828338623, 0.007499205879867077, 0.008203049190342426, 0.01713624969124794, 0.026168346405029297, 0.08589485287666321, 0.008289727382361889, 0.01703714206814766, 0.010085495188832283, 0.012319260276854038, 0.036517444998025894, 0.010655672289431095, 0.017572015523910522, 0.04806748032569885, 0.030379174277186394, 0.01935381442308426, 0.008149315603077412, 0.09800978749990463, 0.18809804320335388, 0.03343967720866203, 0.033541176468133926, 0.08981553465127945, 0.5017269253730774, 0.009117531590163708, 1.0, 0.018729986622929573, 0.009230734780430794, 0.09542375802993774, 0.009964367374777794, 0.01771453209221363, 0.23696868121623993, 0.09894007444381714, 0.04415668174624443, 0.017754919826984406, 0.00907179992645979, 0.05763206258416176, 0.014138597995042801, 0.027576642110943794, 0.4023911952972412, 0.09983425587415695, 0.016454201191663742, 0.009953921660780907, 0.2628752589225769, 0.07291339337825775, 0.20146140456199646, 0.015935266390442848, 0.604381799697876, 0.00859458465129137, 0.1403065323829651]]	1	17121844	6	0.7058645	0.00019195444	-4581276343327050108	2019-01-31 11:31:35.0	Metabolomics data from E. Coli Nissle (wild type, WT) and 3 E. Coli Nissle knockout (KO) strains grown in M-9 media and enriched M-9 media. 	MSV000083383	MS:1001911	Q Exactive	Zinc	E. Coli Nissle	E. Coli Nissle	GNPS - E. Coli Nissle wild type versus knockout strains grown with altered zinc levels		leptochelin_nometal_3
115.08	498.07304	517.1398	Corinna Brungs	MSVPLACEHOLDERID	MCE bioactive compounds library	497.065759	C23H17Cl2N5O4	HCD	none	InChI=1S/C23H17Cl2N5O4/c1-34-23-27-11-14-8-16(22(33)29-19(14)30-23)21(32)28-18-9-13(5-6-17(18)25)20(31)26-10-12-3-2-4-15(24)7-12/h2-9,11H,10H2,1H3,(H,26,31)(H,28,32)(H,27,29,30,33)	CQKBSRPVZZLCJE-UHFFFAOYSA-N	Orbitrap	ESI	1.2000000476839432	2	Tomas Pluskal	1.0	PASSED	0.93082154	0.88461536	-1	Orbitrap ID-X	ALL_MSN_TO_PSEUDO_MS2	mzspec:MSVPLACEHOLDERID:20220601_pluskal_mce_1D1_A4_id.mzML:-1	[M+H]+	1	2	example_5_spectra.mgf	+	Mirk-IN-1	COc1ncc2cc(C(=O)Nc3c(Cl)ccc(C(=O)NCc4cc(Cl)ccc4)c3)c(=O)[nH]c2n1	1	[[42.033703, 58.028778, 59.032055, 60.03299, 63.022655, 64.017876, 65.038353, 66.033494, 69.992175, 78.033541, 79.028745, 86.060081, 87.06353, 88.064438, 91.017532, 93.044386, 104.049591, 105.044537, 105.052979, 106.028389, 120.055412, 121.039436, 125.014962, 133.027011, 133.039425, 135.018616, 148.050389, 154.005085, 160.050642, 161.034588, 176.045663, 194.056314, 204.040476, 221.080734, 222.05116, 222.087845, 223.089127, 248.069031, 249.074326, 250.078537, 251.081848, 277.029205, 293.066956, 308.148193, 309.15033, 310.153687, 321.062225, 357.03932, 411.191315, 412.193907, 413.196318, 498.073273], [6.933, 11.37, 2.116, 1.268, 2.006, 2.374, 0.923, 2.134, 1.938, 4.097, 1.257, 9.959, 3.769, 1.499, 3.789, 7.213, 5.292, 4.776, 3.494, 1.142, 7.778, 6.751, 2.948, 2.074, 3.979, 0.908, 4.721, 2.139, 3.311, 1.467, 22.882, 24.336, 24.707, 1.76, 100.0, 1.473, 1.679, 1.01, 2.424, 2.556, 1.513, 1.552, 1.309, 1.723, 3.711, 1.904, 1.269, 4.785, 1.423, 5.738, 8.005, 1.812]]	[[97.92230987548828, 98.0055923461914, 99.02641296386719, 115.03240203857422, 116.01685333251953, 120.0368423461914, 120.04448699951172, 124.02131652832031, 126.03718566894531, 140.59413146972656, 150.03717041015625, 157.04354858398438, 157.86117553710938, 162.03726196289062, 163.04483032226562, 164.05262756347656, 178.03192138671875, 179.06365966796875, 180.0473175048828, 190.06808471679688, 192.04776000976562, 196.02474975585938, 205.74900817871094, 208.04261779785156, 221.07432556152344, 222.081787109375, 223.03582763671875, 245.07447814941406, 251.0672607421875, 255.06141662597656, 263.0862121582031, 268.09320068359375, 287.0669860839844, 287.0957336425781, 304.0945129394531, 310.10400390625, 321.05450439453125, 322.1054992675781, 343.09356689453125, 346.1042175292969, 372.69964599609375, 380.0926208496094, 430.0267333984375, 440.09161376953125, 457.11669921875, 499.1290283203125, 517.1406860351562], [0.007895869202911854, 0.011609635315835476, 0.01901557669043541, 0.028037158772349358, 0.012138871476054192, 0.007264673709869385, 0.089796282351017, 0.010049556382000446, 0.017250902950763702, 0.008181938901543617, 0.029025347903370857, 0.013276474550366402, 0.008098520338535309, 0.0484333373606205, 0.024911142885684967, 0.017944248393177986, 0.10392888635396957, 0.16526101529598236, 0.015469580888748169, 0.030195103958249092, 0.023086192086338997, 0.07895869761705399, 0.0076188561506569386, 0.5471135973930359, 1.0, 0.014789246022701263, 0.018663983792066574, 0.08759094029664993, 0.19480189681053162, 0.11609908193349838, 0.03621342405676842, 0.02609083242714405, 0.048075467348098755, 0.010432397946715355, 0.03134908899664879, 0.40203747153282166, 0.09660559892654419, 0.02159520983695984, 0.022969087585806847, 0.28025561571121216, 0.008093384094536304, 0.09313815832138062, 0.008878448978066444, 0.18628212809562683, 0.012241962365806103, 0.6897035241127014, 0.13523481786251068]]	1	17121848	7	0.70572805	0.00018217835	-4581269746794154364	2019-01-31 11:31:35.0	Metabolomics data from E. Coli Nissle (wild type, WT) and 3 E. Coli Nissle knockout (KO) strains grown in M-9 media and enriched M-9 media. 	MSV000083383	MS:1001911	Q Exactive	Zinc	E. Coli Nissle	E. Coli Nissle	GNPS - E. Coli Nissle wild type versus knockout strains grown with altered zinc levels		leptochelin_zn
110.45	406.22375	549.285	Corinna Brungs	MSVPLACEHOLDERID	MCE bioactive compounds library	405.216475	C23H27N5O2	HCD	none	InChI=1S/C23H27N5O2/c1-30-20-7-11-24-22(26-20)27-13-9-23(10-14-27)8-4-12-28(21(23)29)16-17-15-25-19-6-3-2-5-18(17)19/h2-3,5-7,11,15,25H,4,8-10,12-14,16H2,1H3	PCMHOSYCWRRHTG-UHFFFAOYSA-N	Orbitrap	ESI	1.2000000476839432	2	Tomas Pluskal	0.9731724062527856	PASSED	0.99532574	0.8888889	660	Orbitrap ID-X	nan	mzspec:MSVPLACEHOLDERID:20220601_pluskal_mce_1D1_A1_id.mzML:660	[M+H]+	1	4	example_5_spectra.mgf	+	IPSU	COc1nc(N2CCC3(CCCN(Cc4c[nH]c5ccccc45)C3=O)CC2)ncc1	0	[[45.134823, 45.13699, 110.096245, 130.064972, 136.111862, 277.16571, 289.165924, 307.177856, 406.223083], [1.082, 1.064, 17.184, 13.97, 0.874, 100.0, 52.842, 0.793, 43.696]]	[[70.16595458984375, 95.14411926269531, 112.16111755371094, 115.1601791381836, 138.117431640625, 188.11622619628906, 235.1418914794922, 243.21347045898438, 295.164306640625, 363.21954345703125, 549.2838134765625], [0.0950334221124649, 0.04512082412838936, 0.11348071694374084, 0.22817480564117432, 0.0920308455824852, 0.18309511244297028, 0.07502313703298569, 0.2026940882205963, 0.1746838092803955, 0.15450899302959442, 1.0]]	3	70907717	1	0.70451534	0.0007206609	7883507744020425572	2022-04-06 17:53:09.0	marine invertebrate-associated microbiomes are rich resources for prospecting novel genes and bioactive compounds. In a previous study, we isolated Streptomyces sp. SCSIO 001680, coded as strain 63, from the Red Sea nudibranch Chromodoris quadricolor, exhibits antimicrobial and antitumor activity.	MSV000089210	 Bruker ImpactII ultra-high-resolution Qq-TOF mass spectrometer	 Bruker ImpactII ultra-high-resolution Qq-TOF mass spectrometer	streptomyces metablom	Streptomyces sp. SCSIO 001680	Streptomyces sp. SCSIO 001680	GNPS Streptomyces sp. SCSIO 001680 associated with nudibranch	SAMAR (samarabdelrahman)	Str63_R5A_B_12d_P1-B-6_01_3318
115.08	498.07304	517.1402	Corinna Brungs	MSVPLACEHOLDERID	MCE bioactive compounds library	497.065759	C23H17Cl2N5O4	HCD	none	InChI=1S/C23H17Cl2N5O4/c1-34-23-27-11-14-8-16(22(33)29-19(14)30-23)21(32)28-18-9-13(5-6-17(18)25)20(31)26-10-12-3-2-4-15(24)7-12/h2-9,11H,10H2,1H3,(H,26,31)(H,28,32)(H,27,29,30,33)	CQKBSRPVZZLCJE-UHFFFAOYSA-N	Orbitrap	ESI	1.2000000476839432	2	Tomas Pluskal	1.0	PASSED	0.93082154	0.88461536	-1	Orbitrap ID-X	ALL_MSN_TO_PSEUDO_MS2	mzspec:MSVPLACEHOLDERID:20220601_pluskal_mce_1D1_A4_id.mzML:-1	[M+H]+	1	2	example_5_spectra.mgf	+	Mirk-IN-1	COc1ncc2cc(C(=O)Nc3c(Cl)ccc(C(=O)NCc4cc(Cl)ccc4)c3)c(=O)[nH]c2n1	1	[[42.033703, 58.028778, 59.032055, 60.03299, 63.022655, 64.017876, 65.038353, 66.033494, 69.992175, 78.033541, 79.028745, 86.060081, 87.06353, 88.064438, 91.017532, 93.044386, 104.049591, 105.044537, 105.052979, 106.028389, 120.055412, 121.039436, 125.014962, 133.027011, 133.039425, 135.018616, 148.050389, 154.005085, 160.050642, 161.034588, 176.045663, 194.056314, 204.040476, 221.080734, 222.05116, 222.087845, 223.089127, 248.069031, 249.074326, 250.078537, 251.081848, 277.029205, 293.066956, 308.148193, 309.15033, 310.153687, 321.062225, 357.03932, 411.191315, 412.193907, 413.196318, 498.073273], [6.933, 11.37, 2.116, 1.268, 2.006, 2.374, 0.923, 2.134, 1.938, 4.097, 1.257, 9.959, 3.769, 1.499, 3.789, 7.213, 5.292, 4.776, 3.494, 1.142, 7.778, 6.751, 2.948, 2.074, 3.979, 0.908, 4.721, 2.139, 3.311, 1.467, 22.882, 24.336, 24.707, 1.76, 100.0, 1.473, 1.679, 1.01, 2.424, 2.556, 1.513, 1.552, 1.309, 1.723, 3.711, 1.904, 1.269, 4.785, 1.423, 5.738, 8.005, 1.812]]	[[98.00576782226562, 98.438232421875, 99.02632904052734, 114.39659118652344, 115.0323257446289, 120.0443344116211, 126.03730010986328, 127.04525756835938, 139.03305053710938, 142.99801635742188, 147.5932159423828, 150.03750610351562, 152.05189514160156, 157.04293823242188, 162.0373992919922, 163.04461669921875, 164.05288696289062, 178.03208923339844, 179.063720703125, 180.04812622070312, 190.03262329101562, 190.0687713623047, 192.04771423339844, 196.0250701904297, 207.05828857421875, 208.0221405029297, 208.04269409179688, 221.07437133789062, 222.08184814453125, 223.03611755371094, 241.04672241210938, 245.07456970214844, 249.05117797851562, 251.0670623779297, 255.06175231933594, 257.8396301269531, 263.08489990234375, 265.0830383300781, 268.0933532714844, 277.10284423828125, 282.1087646484375, 287.0653076171875, 304.0937805175781, 310.10406494140625, 321.0546569824219, 321.08880615234375, 322.1046447753906, 346.1041259765625, 375.430419921875, 380.0921936035156, 440.09100341796875, 457.1171569824219, 499.1291198730469, 517.1405029296875], [0.013470103964209557, 0.007003003265708685, 0.025887520983815193, 0.006808645091950893, 0.02283068373799324, 0.11237452179193497, 0.01929514855146408, 0.010686120949685574, 0.008031303063035011, 0.00865423958748579, 0.008070346899330616, 0.02818603254854679, 0.011179327964782715, 0.023434920236468315, 0.03299940377473831, 0.04079278185963631, 0.028842072933912277, 0.12224076688289642, 0.17433667182922363, 0.00996254663914442, 0.013027599081397057, 0.02270916849374771, 0.017227942124009132, 0.12017335742712021, 0.055622298270463943, 0.01811886951327324, 0.7459456324577332, 1.0, 0.021054111421108246, 0.01716522127389908, 0.015734272077679634, 0.10271534323692322, 0.008913835510611534, 0.22355607151985168, 0.11399353295564651, 0.00861701462417841, 0.0316842719912529, 0.05501491203904152, 0.02260424755513668, 0.01306062564253807, 0.013572030700743198, 0.04746256023645401, 0.025666438043117523, 0.5750119090080261, 0.10948170721530914, 0.012440104968845844, 0.01267820131033659, 0.2280857115983963, 0.00819457322359085, 0.09662662446498871, 0.1796419620513916, 0.015386049635708332, 0.6328500509262085, 0.2044619917869568]]	1	17121846	8	0.7002065	0.00018217835	-4581271945817409916	2019-01-31 11:31:35.0	Metabolomics data from E. Coli Nissle (wild type, WT) and 3 E. Coli Nissle knockout (KO) strains grown in M-9 media and enriched M-9 media. 	MSV000083383	MS:1001911	Q Exactive	Zinc	E. Coli Nissle	E. Coli Nissle	GNPS - E. Coli Nissle wild type versus knockout strains grown with altered zinc levels		leptochelin_zn
69.34	294.20637	294.1862	Corinna Brungs	MSVPLACEHOLDERID	MCE bioactive compounds library	293.199094	C17H27NO3	HCD	none	InChI=1S/C17H27NO3/c1-11-6-5-9-17(2)15(21-17)14-12(8-7-11)13(10-18(3)4)16(19)20-14/h6,12-15H,5,7-10H2,1-4H3/b11-6-/t12-,13+,14-,15+,17+/m0/s1	UJNSFDHVIBGEJZ-CMRIBGNTSA-N	Orbitrap	ESI	1.2000000476839432	2	Tomas Pluskal	1.0	PASSED	0.95719075	0.91803277	-1	Orbitrap ID-X	ALL_ENERGIES	mzspec:MSVPLACEHOLDERID:20220601_100AGC_pluskal_mce_1D1_A13_id.mzML:-1	[M+H]+	1	1	example_5_spectra.mgf	+	DMAPT	C/C1=C/CC[C@@]2(C)O[C@@H]2[C@H]2OC(=O)[C@H](CN(C)C)[C@@H]2CC1	1	[[42.033739, 43.017743, 43.041538, 44.049385, 46.064932, 55.053921, 56.049297, 58.061086, 58.064829, 58.068315, 58.071661, 58.074808, 67.053963, 69.069565, 79.053978, 81.069616, 82.064804, 84.080497, 91.053903, 93.069577, 94.064888, 95.048843, 95.085147, 97.088348, 98.059745, 105.069597, 106.064804, 107.085253, 108.080338, 109.064416, 109.100923, 110.096075, 116.070213, 117.069763, 119.085279, 121.100884, 129.069626, 131.085311, 133.10089, 134.059753, 135.117294, 144.093231, 145.100601, 147.11673, 149.13218, 159.116485, 161.131911, 164.107071, 164.143127, 175.112091, 177.127193, 185.13264, 192.174698, 203.14307, 222.185104, 231.13818, 249.148476, 250.216614, 251.117976, 294.128296, 294.206632], [2.023, 1.244, 0.375, 0.271, 0.633, 0.247, 0.434, 0.921, 100.0, 4.309, 1.067, 0.3, 0.832, 0.262, 1.014, 1.317, 0.901, 0.567, 1.516, 2.084, 0.298, 0.28, 0.577, 0.201, 0.372, 1.626, 0.358, 1.159, 0.242, 0.257, 0.465, 1.043, 0.429, 0.601, 1.489, 0.483, 0.285, 0.665, 0.474, 0.937, 0.205, 0.522, 0.202, 0.298, 2.214, 2.567, 0.35, 0.243, 0.255, 0.209, 1.388, 0.432, 0.38, 0.317, 0.206, 0.57, 2.331, 0.841, 1.62, 0.191, 26.983]]	[[50.61349868774414, 58.06596755981445, 61.07224655151367, 84.08131408691406, 91.0548324584961, 105.07046508789062, 107.05015563964844, 133.06556701660156, 187.15423583984375, 219.63140869140625, 249.12803649902344, 276.17669677734375, 294.1846618652344], [0.0321342870593071, 1.0, 0.026655880734324455, 0.06763190031051636, 0.05935772508382797, 0.06122574582695961, 0.03935049846768379, 0.03789972513914108, 0.028300395235419273, 0.089067742228508, 0.1958281546831131, 0.04250214621424675, 0.2560889720916748]]	0	29311508	6	0.69924253	0.00010966836	-2261662202507924003	2022-02-11 07:08:37.0	LC-MS/MS untargeted metabolomics of bacterial exo-metabolomes extracted by soil isolated actinomycetes, interacting experiments were realized in solid growth media.  	MSV000088821	MS:1002523	Q Exactive HF	Soil Bacteria	NCBITaxon:1654	Actinomyces (NCBITaxon:1654)	GNPS - Soil isolated Actinomycetes interaction		QC_mix_7
69.34	294.20637	294.18552	Corinna Brungs	MSVPLACEHOLDERID	MCE bioactive compounds library	293.199094	C17H27NO3	HCD	none	InChI=1S/C17H27NO3/c1-11-6-5-9-17(2)15(21-17)14-12(8-7-11)13(10-18(3)4)16(19)20-14/h6,12-15H,5,7-10H2,1-4H3/b11-6-/t12-,13+,14-,15+,17+/m0/s1	UJNSFDHVIBGEJZ-CMRIBGNTSA-N	Orbitrap	ESI	1.2000000476839432	2	Tomas Pluskal	1.0	PASSED	0.95719075	0.91803277	-1	Orbitrap ID-X	ALL_ENERGIES	mzspec:MSVPLACEHOLDERID:20220601_100AGC_pluskal_mce_1D1_A13_id.mzML:-1	[M+H]+	1	1	example_5_spectra.mgf	+	DMAPT	C/C1=C/CC[C@@]2(C)O[C@@H]2[C@H]2OC(=O)[C@H](CN(C)C)[C@@H]2CC1	1	[[42.033739, 43.017743, 43.041538, 44.049385, 46.064932, 55.053921, 56.049297, 58.061086, 58.064829, 58.068315, 58.071661, 58.074808, 67.053963, 69.069565, 79.053978, 81.069616, 82.064804, 84.080497, 91.053903, 93.069577, 94.064888, 95.048843, 95.085147, 97.088348, 98.059745, 105.069597, 106.064804, 107.085253, 108.080338, 109.064416, 109.100923, 110.096075, 116.070213, 117.069763, 119.085279, 121.100884, 129.069626, 131.085311, 133.10089, 134.059753, 135.117294, 144.093231, 145.100601, 147.11673, 149.13218, 159.116485, 161.131911, 164.107071, 164.143127, 175.112091, 177.127193, 185.13264, 192.174698, 203.14307, 222.185104, 231.13818, 249.148476, 250.216614, 251.117976, 294.128296, 294.206632], [2.023, 1.244, 0.375, 0.271, 0.633, 0.247, 0.434, 0.921, 100.0, 4.309, 1.067, 0.3, 0.832, 0.262, 1.014, 1.317, 0.901, 0.567, 1.516, 2.084, 0.298, 0.28, 0.577, 0.201, 0.372, 1.626, 0.358, 1.159, 0.242, 0.257, 0.465, 1.043, 0.429, 0.601, 1.489, 0.483, 0.285, 0.665, 0.474, 0.937, 0.205, 0.522, 0.202, 0.298, 2.214, 2.567, 0.35, 0.243, 0.255, 0.209, 1.388, 0.432, 0.38, 0.317, 0.206, 0.57, 2.331, 0.841, 1.62, 0.191, 26.983]]	[[51.92259216308594, 52.12607192993164, 52.483089447021484, 57.90498733520508, 57.908050537109375, 58.06114959716797, 58.06253433227539, 58.06543731689453, 62.73977279663086, 63.49454116821289, 65.99427032470703, 67.20360565185547, 69.46453857421875, 73.0029296875, 73.21553802490234, 74.6333999633789, 78.26425170898438, 79.10474395751953, 79.56837463378906, 81.22331237792969, 81.96018981933594, 86.9565658569336, 88.06622314453125, 89.12334442138672, 92.79025268554688, 93.92804718017578, 98.74751281738281, 99.86275482177734, 105.7074966430664, 116.5894546508789, 119.85581970214844, 128.57150268554688, 133.57383728027344, 143.4927520751953, 144.0655975341797, 144.60455322265625, 164.070556640625, 166.7518768310547, 171.75332641601562, 194.2467041015625, 194.8167724609375, 202.1907196044922, 205.1016082763672, 206.48289489746094, 211.95448303222656, 234.14981079101562, 248.13873291015625, 249.127197265625, 262.14495849609375, 262.18310546875, 262.2273254394531, 276.16693115234375, 292.13397216796875, 294.0082702636719, 294.0447082519531, 294.1416320800781, 294.1846618652344, 295.04205322265625], [0.017985079437494278, 0.019311005249619484, 0.020487764850258827, 0.01877930760383606, 0.017403021454811096, 0.05728140100836754, 0.1419939547777176, 1.0, 0.023798182606697083, 0.018695099279284477, 0.02150614932179451, 0.016038190573453903, 0.02306879311800003, 0.018710467964410782, 0.020751064643263817, 0.017310556024312973, 0.018328934907913208, 0.017362773418426514, 0.020081626251339912, 0.017712915316224098, 0.01702629029750824, 0.01862589828670025, 0.0211532823741436, 0.020354626700282097, 0.019967174157500267, 0.020795175805687904, 0.01937435194849968, 0.029142914339900017, 0.027927685528993607, 0.017762109637260437, 0.021344780921936035, 0.02510371059179306, 0.01896853744983673, 0.01921173371374607, 0.0580451674759388, 0.019372401759028435, 0.024442806839942932, 0.0207236185669899, 0.018836451694369316, 0.024287495762109756, 0.021927369758486748, 0.02227618731558323, 0.08407195657491684, 0.04493371397256851, 0.022891545668244362, 0.060227297246456146, 0.023267848417162895, 0.057694461196660995, 0.06852249056100845, 0.03445825353264809, 0.021419869735836983, 0.019254839047789574, 0.01993735134601593, 0.02432701550424099, 0.06232478469610214, 0.15646414458751678, 0.9758127331733704, 0.02348214201629162]]	0	8700311	7	0.69914204	0.00012080275	-7450934531427244579	2021-03-04 19:12:08.0	Non-targeted LC-MS/MS (pos + neg mode) of PPL SPE extracted seawater and aerosol samples from Imperial Beach study 2020.	MSV000087006	MS:1001910	LTQ Orbitrap Elite		NCBITaxon:33858	environmental samples <Bacillariophyta> (NCBITaxon:33858)	GNPS - IB2020 Ocean-Air transport Non-targted MS/MS pos/neg mode (Full Dataset)		DOM_Holl_QC_5
110.45	406.22375	523.25134	Corinna Brungs	MSVPLACEHOLDERID	MCE bioactive compounds library	405.216475	C23H27N5O2	HCD	none	InChI=1S/C23H27N5O2/c1-30-20-7-11-24-22(26-20)27-13-9-23(10-14-27)8-4-12-28(21(23)29)16-17-15-25-19-6-3-2-5-18(17)19/h2-3,5-7,11,15,25H,4,8-10,12-14,16H2,1H3	PCMHOSYCWRRHTG-UHFFFAOYSA-N	Orbitrap	ESI	1.2000000476839432	2	Tomas Pluskal	0.9731724062527856	PASSED	0.99532574	0.8888889	660	Orbitrap ID-X	nan	mzspec:MSVPLACEHOLDERID:20220601_pluskal_mce_1D1_A1_id.mzML:660	[M+H]+	1	4	example_5_spectra.mgf	+	IPSU	COc1nc(N2CCC3(CCCN(Cc4c[nH]c5ccccc45)C3=O)CC2)ncc1	0	[[45.134823, 45.13699, 110.096245, 130.064972, 136.111862, 277.16571, 289.165924, 307.177856, 406.223083], [1.082, 1.064, 17.184, 13.97, 0.874, 100.0, 52.842, 0.793, 43.696]]	[[116.09127807617188, 120.10124206542969, 136.09307861328125, 137.0969696044922, 155.09837341308594, 217.1471405029297, 218.1514129638672, 233.14019775390625, 234.1412353515625, 245.1404266357422, 246.14161682128906, 261.13433837890625, 262.14007568359375, 263.149658203125, 264.15142822265625, 360.2007751464844, 407.23248291015625, 408.1980285644531], [0.1378539502620697, 0.3364381492137909, 0.6516393423080444, 0.1069299578666687, 0.05253353342413902, 1.0, 0.13226526975631714, 0.9817436933517456, 0.13934426009655, 0.6005961298942566, 0.1289120763540268, 0.6408345699310303, 0.1341281682252884, 0.5342772006988525, 0.0864381492137909, 0.17473919689655304, 0.05700447037816048, 0.0979880765080452]]	3	27163573	2	0.69825286	0.00062189566	-2801639361117981615	2018-06-19 12:52:30.0	Here we apply metabolomics to study the interaction of two co-isolated model organisms, Xanthomonas retroflexus and Paenibacillus amylolyticus. When cultured in close proximity on agar plates Xanthomonas retroflexus induces a clear morphological response from Paenibacillus amylolyticus, leading to enhanced growth of Paenibacillus amylolyticus. Application of 2D spatial metabolomics shows how Xanthomonas retroflexus influences the chemical environment by production specific metabolites. 	MSV000082481				NCBITaxon:305959;NCBITaxon:1451	Xanthomonas retroflexus	GNPS - Two-Species interaction through pH stabilisation		48hrs_3Crtl_HenTrial1_B8_P2-B-8_01_28273
115.08	498.07304	517.14	Corinna Brungs	MSVPLACEHOLDERID	MCE bioactive compounds library	497.065759	C23H17Cl2N5O4	HCD	none	InChI=1S/C23H17Cl2N5O4/c1-34-23-27-11-14-8-16(22(33)29-19(14)30-23)21(32)28-18-9-13(5-6-17(18)25)20(31)26-10-12-3-2-4-15(24)7-12/h2-9,11H,10H2,1H3,(H,26,31)(H,28,32)(H,27,29,30,33)	CQKBSRPVZZLCJE-UHFFFAOYSA-N	Orbitrap	ESI	1.2000000476839432	2	Tomas Pluskal	1.0	PASSED	0.93082154	0.88461536	-1	Orbitrap ID-X	ALL_MSN_TO_PSEUDO_MS2	mzspec:MSVPLACEHOLDERID:20220601_pluskal_mce_1D1_A4_id.mzML:-1	[M+H]+	1	2	example_5_spectra.mgf	+	Mirk-IN-1	COc1ncc2cc(C(=O)Nc3c(Cl)ccc(C(=O)NCc4cc(Cl)ccc4)c3)c(=O)[nH]c2n1	1	[[42.033703, 58.028778, 59.032055, 60.03299, 63.022655, 64.017876, 65.038353, 66.033494, 69.992175, 78.033541, 79.028745, 86.060081, 87.06353, 88.064438, 91.017532, 93.044386, 104.049591, 105.044537, 105.052979, 106.028389, 120.055412, 121.039436, 125.014962, 133.027011, 133.039425, 135.018616, 148.050389, 154.005085, 160.050642, 161.034588, 176.045663, 194.056314, 204.040476, 221.080734, 222.05116, 222.087845, 223.089127, 248.069031, 249.074326, 250.078537, 251.081848, 277.029205, 293.066956, 308.148193, 309.15033, 310.153687, 321.062225, 357.03932, 411.191315, 412.193907, 413.196318, 498.073273], [6.933, 11.37, 2.116, 1.268, 2.006, 2.374, 0.923, 2.134, 1.938, 4.097, 1.257, 9.959, 3.769, 1.499, 3.789, 7.213, 5.292, 4.776, 3.494, 1.142, 7.778, 6.751, 2.948, 2.074, 3.979, 0.908, 4.721, 2.139, 3.311, 1.467, 22.882, 24.336, 24.707, 1.76, 100.0, 1.473, 1.679, 1.01, 2.424, 2.556, 1.513, 1.552, 1.309, 1.723, 3.711, 1.904, 1.269, 4.785, 1.423, 5.738, 8.005, 1.812]]	[[77.24166107177734, 91.99112701416016, 95.10186004638672, 99.02630615234375, 115.03263092041016, 116.0169906616211, 117.38200378417969, 120.04444122314453, 121.0284194946289, 126.03741455078125, 127.04490661621094, 150.03675842285156, 152.0523681640625, 157.04330444335938, 162.03709411621094, 163.0449676513672, 164.05279541015625, 178.0320587158203, 179.06381225585938, 186.7413787841797, 190.0327606201172, 190.06788635253906, 192.0482940673828, 196.0244598388672, 207.058837890625, 208.0426788330078, 213.05137634277344, 221.0743408203125, 241.0457305908203, 245.07350158691406, 251.0670623779297, 255.0619659423828, 262.0370788574219, 263.0853576660156, 265.0834655761719, 268.09307861328125, 277.10089111328125, 282.11016845703125, 287.0663146972656, 304.09228515625, 310.1040954589844, 321.05487060546875, 322.10394287109375, 346.104736328125, 346.1455993652344, 358.41064453125, 380.0934143066406, 429.4669189453125, 440.09161376953125, 499.0549011230469, 499.1287536621094, 517.1396484375], [0.008879915811121464, 0.010560872033238411, 0.011759982444345951, 0.021957973018288612, 0.030542630702257156, 0.014545705169439316, 0.01044725626707077, 0.1408119648694992, 0.014084887690842152, 0.018834250047802925, 0.013241893611848354, 0.022981220856308937, 0.01340123638510704, 0.013535124249756336, 0.04602189362049103, 0.04110178351402283, 0.015702176839113235, 0.13435201346874237, 0.12261713296175003, 0.009361407719552517, 0.029148122295737267, 0.02059715986251831, 0.01267099566757679, 0.10734947770833969, 0.18652135133743286, 1.0, 0.013666873797774315, 0.754055917263031, 0.07555950433015823, 0.06288297474384308, 0.14458172023296356, 0.10243095457553864, 0.014773913659155369, 0.028142699971795082, 0.1455536186695099, 0.016512608155608177, 0.043618276715278625, 0.032628998160362244, 0.02707965485751629, 0.020537933334708214, 0.7575041651725769, 0.0633496642112732, 0.014406820759177208, 0.19240106642246246, 0.02242988906800747, 0.01088063232600689, 0.05395747348666191, 0.01274445466697216, 0.10048732906579971, 0.02309626340866089, 0.3762384057044983, 0.21596434712409973]]	1	17057010	9	0.69638866	0.00019195444	-4591385253794859388	2019-01-31 11:31:35.0	Metabolomics data from E. Coli Nissle (wild type, WT) and 3 E. Coli Nissle knockout (KO) strains grown in M-9 media and enriched M-9 media. 	MSV000083383	MS:1001911	Q Exactive	Zinc	E. Coli Nissle	E. Coli Nissle	GNPS - E. Coli Nissle wild type versus knockout strains grown with altered zinc levels		leptochelin_nometal_3
110.45	406.22375	549.28503	Corinna Brungs	MSVPLACEHOLDERID	MCE bioactive compounds library	405.216475	C23H27N5O2	HCD	none	InChI=1S/C23H27N5O2/c1-30-20-7-11-24-22(26-20)27-13-9-23(10-14-27)8-4-12-28(21(23)29)16-17-15-25-19-6-3-2-5-18(17)19/h2-3,5-7,11,15,25H,4,8-10,12-14,16H2,1H3	PCMHOSYCWRRHTG-UHFFFAOYSA-N	Orbitrap	ESI	1.2000000476839432	2	Tomas Pluskal	0.9731724062527856	PASSED	0.99532574	0.8888889	660	Orbitrap ID-X	nan	mzspec:MSVPLACEHOLDERID:20220601_pluskal_mce_1D1_A1_id.mzML:660	[M+H]+	1	4	example_5_spectra.mgf	+	IPSU	COc1nc(N2CCC3(CCCN(Cc4c[nH]c5ccccc45)C3=O)CC2)ncc1	0	[[45.134823, 45.13699, 110.096245, 130.064972, 136.111862, 277.16571, 289.165924, 307.177856, 406.223083], [1.082, 1.064, 17.184, 13.97, 0.874, 100.0, 52.842, 0.793, 43.696]]	[[70.16632080078125, 112.16181182861328, 115.15999603271484, 138.11752319335938, 188.1165771484375, 205.13848876953125, 243.215087890625, 295.1651306152344, 344.19085693359375, 363.2183837890625, 549.283935546875], [0.05545403063297272, 0.13969583809375763, 0.22749805450439453, 0.06577814370393753, 0.16633057594299316, 0.037914592772722244, 0.19267123937606812, 0.13412943482398987, 0.09663494676351547, 0.13836200535297394, 1.0]]	3	70907722	3	0.69610053	0.0007206609	7883507812739869548	2022-04-06 17:53:09.0	marine invertebrate-associated microbiomes are rich resources for prospecting novel genes and bioactive compounds. In a previous study, we isolated Streptomyces sp. SCSIO 001680, coded as strain 63, from the Red Sea nudibranch Chromodoris quadricolor, exhibits antimicrobial and antitumor activity.	MSV000089210	 Bruker ImpactII ultra-high-resolution Qq-TOF mass spectrometer	 Bruker ImpactII ultra-high-resolution Qq-TOF mass spectrometer	streptomyces metablom	Streptomyces sp. SCSIO 001680	Streptomyces sp. SCSIO 001680	GNPS Streptomyces sp. SCSIO 001680 associated with nudibranch	SAMAR (samarabdelrahman)	Str63_R5A_B_12d_P1-B-6_01_3318
110.45	406.22375	434.21643	Corinna Brungs	MSVPLACEHOLDERID	MCE bioactive compounds library	405.216475	C23H27N5O2	HCD	none	InChI=1S/C23H27N5O2/c1-30-20-7-11-24-22(26-20)27-13-9-23(10-14-27)8-4-12-28(21(23)29)16-17-15-25-19-6-3-2-5-18(17)19/h2-3,5-7,11,15,25H,4,8-10,12-14,16H2,1H3	PCMHOSYCWRRHTG-UHFFFAOYSA-N	Orbitrap	ESI	1.2000000476839432	2	Tomas Pluskal	0.9731724062527856	PASSED	0.99532574	0.8888889	660	Orbitrap ID-X	nan	mzspec:MSVPLACEHOLDERID:20220601_pluskal_mce_1D1_A1_id.mzML:660	[M+H]+	1	4	example_5_spectra.mgf	+	IPSU	COc1nc(N2CCC3(CCCN(Cc4c[nH]c5ccccc45)C3=O)CC2)ncc1	0	[[45.134823, 45.13699, 110.096245, 130.064972, 136.111862, 277.16571, 289.165924, 307.177856, 406.223083], [1.082, 1.064, 17.184, 13.97, 0.874, 100.0, 52.842, 0.793, 43.696]]	[[110.07967376708984, 111.08231353759766, 120.08876037597656, 129.11082458496094, 130.10585021972656, 141.10772705078125, 159.093017578125, 166.0707550048828, 173.12989807128906, 176.12496948242188, 178.13711547851562, 181.0675048828125, 188.07687377929688, 195.12188720703125, 197.16847229003906, 202.11073303222656, 207.15463256835938, 209.09182739257812, 216.13433837890625, 217.1382598876953, 218.1381378173828, 221.14353942871094, 223.16006469726562, 224.17861938476562, 226.12539672851562, 227.07327270507812, 229.15354919433594, 233.1473846435547, 234.13145446777344, 235.12713623046875, 244.13365173339844, 245.1344757080078, 251.156005859375, 263.1439514160156, 264.144775390625, 289.1623840332031, 302.15509033203125, 309.1629638671875, 310.1473388671875, 311.1794738769531, 319.1441955566406, 334.2220458984375, 337.1567687988281, 351.2535095214844, 355.1640930175781, 361.236328125, 364.18463134765625, 382.1903381347656, 400.2018127441406, 440.2511291503906, 447.19830322265625, 448.205810546875, 450.2371826171875, 464.2228088378906, 468.24267578125, 469.2440490722656, 492.2201843261719, 532.2898559570312, 577.310791015625, 578.3132934570312], [1.0, 0.06203135475516319, 0.16053169965744019, 0.6888207197189331, 0.10838446021080017, 0.09543285518884659, 0.08384457975625992, 0.1840490847826004, 0.11486025899648666, 0.3875255584716797, 0.06952965259552002, 0.0872529000043869, 0.061690524220466614, 0.05146557465195656, 0.054533060640096664, 0.07975459843873978, 0.24676209688186646, 0.08009543269872665, 0.052147239446640015, 0.1540558934211731, 0.056918881833553314, 0.1462167650461197, 0.16155418753623962, 0.10702113062143326, 0.32651668787002563, 0.08077709376811981, 0.07259713858366013, 0.11042945086956024, 0.10565780848264694, 0.1680299937725067, 0.15167006850242615, 0.08554873615503311, 0.271642804145813, 0.9672801494598389, 0.17109747231006622, 0.14860258996486664, 0.15780504047870636, 0.05998636782169342, 0.05351056531071663, 0.05487389117479324, 0.08077709376811981, 0.07123380899429321, 0.2443762719631195, 0.0985003411769867, 0.16462168097496033, 0.056918881833553314, 0.12304022163152695, 0.12167689204216003, 0.051806408911943436, 0.22631220519542694, 0.1905248761177063, 0.08077709376811981, 0.2661895155906677, 0.08520790934562683, 0.18813906610012054, 0.0507839135825634, 0.07805044203996658, 0.07873210310935974, 0.2825494110584259, 0.061349693685770035]]	3	28003891	4	0.6956277	0.0005687571	-2636028812439591039	2018-06-19 12:52:30.0	Here we apply metabolomics to study the interaction of two co-isolated model organisms, Xanthomonas retroflexus and Paenibacillus amylolyticus. When cultured in close proximity on agar plates Xanthomonas retroflexus induces a clear morphological response from Paenibacillus amylolyticus, leading to enhanced growth of Paenibacillus amylolyticus. Application of 2D spatial metabolomics shows how Xanthomonas retroflexus influences the chemical environment by production specific metabolites. 	MSV000082481				NCBITaxon:305959;NCBITaxon:1451	Xanthomonas retroflexus	GNPS - Two-Species interaction through pH stabilisation		24hrs_7Crtl_HenTrial1_H2_P1-H-2_01_31782
110.45	406.22375	549.28485	Corinna Brungs	MSVPLACEHOLDERID	MCE bioactive compounds library	405.216475	C23H27N5O2	HCD	none	InChI=1S/C23H27N5O2/c1-30-20-7-11-24-22(26-20)27-13-9-23(10-14-27)8-4-12-28(21(23)29)16-17-15-25-19-6-3-2-5-18(17)19/h2-3,5-7,11,15,25H,4,8-10,12-14,16H2,1H3	PCMHOSYCWRRHTG-UHFFFAOYSA-N	Orbitrap	ESI	1.2000000476839432	2	Tomas Pluskal	0.9731724062527856	PASSED	0.99532574	0.8888889	660	Orbitrap ID-X	nan	mzspec:MSVPLACEHOLDERID:20220601_pluskal_mce_1D1_A1_id.mzML:660	[M+H]+	1	4	example_5_spectra.mgf	+	IPSU	COc1nc(N2CCC3(CCCN(Cc4c[nH]c5ccccc45)C3=O)CC2)ncc1	0	[[45.134823, 45.13699, 110.096245, 130.064972, 136.111862, 277.16571, 289.165924, 307.177856, 406.223083], [1.082, 1.064, 17.184, 13.97, 0.874, 100.0, 52.842, 0.793, 43.696]]	[[70.16587829589844, 112.16145324707031, 115.15957641601562, 121.09861755371094, 128.1850128173828, 138.11810302734375, 146.11988830566406, 158.14730834960938, 188.1166534423828, 205.13861083984375, 235.142333984375, 243.2138671875, 260.1316833496094, 295.1635437011719, 302.1731262207031, 344.1891174316406, 361.21356201171875, 363.21759033203125, 429.26959228515625, 549.2839965820312], [0.09496912360191345, 0.15491001307964325, 0.29973500967025757, 0.153037428855896, 0.02135719172656536, 0.10426470637321472, 0.01960088312625885, 0.08225272595882416, 0.2342437207698822, 0.06666626036167145, 0.09805949777364731, 0.26749730110168457, 0.04656357318162918, 0.21201755106449127, 0.053117599338293076, 0.15550972521305084, 0.0662623718380928, 0.18204404413700104, 0.07894816994667053, 1.0]]	3	70907763	5	0.6955281	0.0006168923	7883508843532116836	2022-04-06 17:53:09.0	marine invertebrate-associated microbiomes are rich resources for prospecting novel genes and bioactive compounds. In a previous study, we isolated Streptomyces sp. SCSIO 001680, coded as strain 63, from the Red Sea nudibranch Chromodoris quadricolor, exhibits antimicrobial and antitumor activity.	MSV000089210	 Bruker ImpactII ultra-high-resolution Qq-TOF mass spectrometer	 Bruker ImpactII ultra-high-resolution Qq-TOF mass spectrometer	streptomyces metablom	Streptomyces sp. SCSIO 001680	Streptomyces sp. SCSIO 001680	GNPS Streptomyces sp. SCSIO 001680 associated with nudibranch	SAMAR (samarabdelrahman)	Str63_SM10_B_12d_P1-B-9_01_3324
115.08	498.07304	517.1433	Corinna Brungs	MSVPLACEHOLDERID	MCE bioactive compounds library	497.065759	C23H17Cl2N5O4	HCD	none	InChI=1S/C23H17Cl2N5O4/c1-34-23-27-11-14-8-16(22(33)29-19(14)30-23)21(32)28-18-9-13(5-6-17(18)25)20(31)26-10-12-3-2-4-15(24)7-12/h2-9,11H,10H2,1H3,(H,26,31)(H,28,32)(H,27,29,30,33)	CQKBSRPVZZLCJE-UHFFFAOYSA-N	Orbitrap	ESI	1.2000000476839432	2	Tomas Pluskal	1.0	PASSED	0.93082154	0.88461536	-1	Orbitrap ID-X	ALL_MSN_TO_PSEUDO_MS2	mzspec:MSVPLACEHOLDERID:20220601_pluskal_mce_1D1_A4_id.mzML:-1	[M+H]+	1	2	example_5_spectra.mgf	+	Mirk-IN-1	COc1ncc2cc(C(=O)Nc3c(Cl)ccc(C(=O)NCc4cc(Cl)ccc4)c3)c(=O)[nH]c2n1	1	[[42.033703, 58.028778, 59.032055, 60.03299, 63.022655, 64.017876, 65.038353, 66.033494, 69.992175, 78.033541, 79.028745, 86.060081, 87.06353, 88.064438, 91.017532, 93.044386, 104.049591, 105.044537, 105.052979, 106.028389, 120.055412, 121.039436, 125.014962, 133.027011, 133.039425, 135.018616, 148.050389, 154.005085, 160.050642, 161.034588, 176.045663, 194.056314, 204.040476, 221.080734, 222.05116, 222.087845, 223.089127, 248.069031, 249.074326, 250.078537, 251.081848, 277.029205, 293.066956, 308.148193, 309.15033, 310.153687, 321.062225, 357.03932, 411.191315, 412.193907, 413.196318, 498.073273], [6.933, 11.37, 2.116, 1.268, 2.006, 2.374, 0.923, 2.134, 1.938, 4.097, 1.257, 9.959, 3.769, 1.499, 3.789, 7.213, 5.292, 4.776, 3.494, 1.142, 7.778, 6.751, 2.948, 2.074, 3.979, 0.908, 4.721, 2.139, 3.311, 1.467, 22.882, 24.336, 24.707, 1.76, 100.0, 1.473, 1.679, 1.01, 2.424, 2.556, 1.513, 1.552, 1.309, 1.723, 3.711, 1.904, 1.269, 4.785, 1.423, 5.738, 8.005, 1.812]]	[[82.2682876586914, 89.14778137207031, 94.74248504638672, 95.41769409179688, 100.09578704833984, 120.04439544677734, 162.03709411621094, 178.0325927734375, 179.06436157226562, 196.02516174316406, 208.04295349121094, 221.07431030273438, 245.07521057128906, 251.06729125976562, 255.06239318847656, 263.087158203125, 310.1049499511719, 321.054443359375, 330.4085388183594, 346.1055603027344, 380.0916748046875, 381.5720520019531, 440.0909423828125, 499.1297607421875, 517.1373291015625], [0.04969613999128342, 0.04838281869888306, 0.051392242312431335, 0.051346004009246826, 0.053766779601573944, 0.1424538791179657, 0.08609594404697418, 0.14092488586902618, 0.245571568608284, 0.1315138339996338, 0.9725094437599182, 1.0, 0.11940386891365051, 0.2795715034008026, 0.10366853326559067, 0.08669909089803696, 0.553740918636322, 0.1459554135799408, 0.06511619687080383, 0.27461934089660645, 0.10732816159725189, 0.05594402179121971, 0.1895105391740799, 0.638251781463623, 0.19013887643814087]]	1	17066149	10	0.6930814	0.00019195444	-4590279144522697084	2019-01-31 11:31:35.0	Metabolomics data from E. Coli Nissle (wild type, WT) and 3 E. Coli Nissle knockout (KO) strains grown in M-9 media and enriched M-9 media. 	MSV000083383	MS:1001911	Q Exactive	Zinc	E. Coli Nissle	E. Coli Nissle	GNPS - E. Coli Nissle wild type versus knockout strains grown with altered zinc levels		leptochelin_nometal_3
69.34	294.20637	294.2068	Corinna Brungs	MSVPLACEHOLDERID	MCE bioactive compounds library	293.199094	C17H27NO3	HCD	none	InChI=1S/C17H27NO3/c1-11-6-5-9-17(2)15(21-17)14-12(8-7-11)13(10-18(3)4)16(19)20-14/h6,12-15H,5,7-10H2,1-4H3/b11-6-/t12-,13+,14-,15+,17+/m0/s1	UJNSFDHVIBGEJZ-CMRIBGNTSA-N	Orbitrap	ESI	1.2000000476839432	2	Tomas Pluskal	1.0	PASSED	0.95719075	0.91803277	-1	Orbitrap ID-X	ALL_ENERGIES	mzspec:MSVPLACEHOLDERID:20220601_100AGC_pluskal_mce_1D1_A13_id.mzML:-1	[M+H]+	1	1	example_5_spectra.mgf	+	DMAPT	C/C1=C/CC[C@@]2(C)O[C@@H]2[C@H]2OC(=O)[C@H](CN(C)C)[C@@H]2CC1	1	[[42.033739, 43.017743, 43.041538, 44.049385, 46.064932, 55.053921, 56.049297, 58.061086, 58.064829, 58.068315, 58.071661, 58.074808, 67.053963, 69.069565, 79.053978, 81.069616, 82.064804, 84.080497, 91.053903, 93.069577, 94.064888, 95.048843, 95.085147, 97.088348, 98.059745, 105.069597, 106.064804, 107.085253, 108.080338, 109.064416, 109.100923, 110.096075, 116.070213, 117.069763, 119.085279, 121.100884, 129.069626, 131.085311, 133.10089, 134.059753, 135.117294, 144.093231, 145.100601, 147.11673, 149.13218, 159.116485, 161.131911, 164.107071, 164.143127, 175.112091, 177.127193, 185.13264, 192.174698, 203.14307, 222.185104, 231.13818, 249.148476, 250.216614, 251.117976, 294.128296, 294.206632], [2.023, 1.244, 0.375, 0.271, 0.633, 0.247, 0.434, 0.921, 100.0, 4.309, 1.067, 0.3, 0.832, 0.262, 1.014, 1.317, 0.901, 0.567, 1.516, 2.084, 0.298, 0.28, 0.577, 0.201, 0.372, 1.626, 0.358, 1.159, 0.242, 0.257, 0.465, 1.043, 0.429, 0.601, 1.489, 0.483, 0.285, 0.665, 0.474, 0.937, 0.205, 0.522, 0.202, 0.298, 2.214, 2.567, 0.35, 0.243, 0.255, 0.209, 1.388, 0.432, 0.38, 0.317, 0.206, 0.57, 2.331, 0.841, 1.62, 0.191, 26.983]]	[[56.04999542236328, 58.053401947021484, 58.061767578125, 58.062625885009766, 58.06329345703125, 58.06563949584961, 58.068058013916016, 58.068660736083984, 58.070350646972656, 58.077266693115234, 59.062644958496094, 59.06897735595703, 67.05457305908203, 67.58861541748047, 84.04457092285156, 84.08094024658203, 86.09658813476562, 90.97675323486328, 102.05506134033203, 120.07671356201172, 120.08108520507812, 121.06057739257812, 121.06504821777344, 122.06818389892578, 135.08078002929688, 147.0810089111328, 159.0807342529297, 164.99575805664062, 166.08653259277344, 167.0897979736328, 168.13844299316406, 171.07305908203125, 171.0806884765625, 172.0837860107422, 177.1149444580078, 181.1015625, 185.09620666503906, 186.0918731689453, 188.00804138183594, 198.0381622314453, 198.10443115234375, 213.12779235839844, 213.138427734375, 214.131103515625, 215.14320373535156, 231.11302185058594, 231.12380981445312, 231.13796997070312, 232.11671447753906, 232.13287353515625, 259.1081237792969, 276.1960754394531, 277.1185302734375, 277.19964599609375, 278.1217956542969, 294.1321105957031, 294.2066345214844, 295.1654357910156, 295.2099914550781, 296.2124328613281], [0.0017249004449695349, 0.0014820484211668372, 0.002931308001279831, 0.007247952278703451, 0.004507246892899275, 1.0, 0.005335270427167416, 0.0067362068220973015, 0.001624063472263515, 0.0017568999901413918, 0.004126951098442078, 0.03070850856602192, 0.001992588397115469, 0.0018091100500896573, 0.020661791786551476, 0.007227253634482622, 0.015295094810426235, 0.0028618958313018084, 0.005378243047744036, 0.002122443402186036, 0.03931597247719765, 0.00200411444529891, 0.052467282861471176, 0.004621187224984169, 0.0018959208391606808, 0.004755742847919464, 0.003822092665359378, 0.002348086331039667, 0.04000153765082359, 0.00268650334328413, 0.0028317237738519907, 0.0020094846840947866, 0.0544121153652668, 0.00656072236597538, 0.0014540930278599262, 0.0014589043566957116, 0.002339196391403675, 0.003685898380354047, 0.001828397624194622, 0.0018178600585088134, 0.013209445402026176, 0.06966164708137512, 0.001958570210263133, 0.01047088485211134, 0.001869141822680831, 0.024713343009352684, 0.001892461208626628, 0.0026227093767374754, 0.0022244115825742483, 0.0014501650584861636, 0.0028714053332805634, 0.17772266268730164, 0.016317663714289665, 0.030948957428336143, 0.0023995283991098404, 0.002709547057747841, 0.18991173803806305, 0.003171240910887718, 0.03761380538344383, 0.0023814374580979347]]	0	38199417	8	0.6930761	7.958011e-05	-244049569982812715	2022-01-05 15:32:41.0	Human stool samples analyzed via untargeted metabolomics (LC/MS) from the MIND sample set.	MSV000088646	MS:1001911	Q Exactive	metabolomics	NCBITaxon:9606	Homo sapiens (NCBITaxon:9606)	GNPS_U19_MIND_Stool_Samples_Untargeted		216571_Y2
110.45	406.22375	549.2852	Corinna Brungs	MSVPLACEHOLDERID	MCE bioactive compounds library	405.216475	C23H27N5O2	HCD	none	InChI=1S/C23H27N5O2/c1-30-20-7-11-24-22(26-20)27-13-9-23(10-14-27)8-4-12-28(21(23)29)16-17-15-25-19-6-3-2-5-18(17)19/h2-3,5-7,11,15,25H,4,8-10,12-14,16H2,1H3	PCMHOSYCWRRHTG-UHFFFAOYSA-N	Orbitrap	ESI	1.2000000476839432	2	Tomas Pluskal	0.9731724062527856	PASSED	0.99532574	0.8888889	660	Orbitrap ID-X	nan	mzspec:MSVPLACEHOLDERID:20220601_pluskal_mce_1D1_A1_id.mzML:660	[M+H]+	1	4	example_5_spectra.mgf	+	IPSU	COc1nc(N2CCC3(CCCN(Cc4c[nH]c5ccccc45)C3=O)CC2)ncc1	0	[[45.134823, 45.13699, 110.096245, 130.064972, 136.111862, 277.16571, 289.165924, 307.177856, 406.223083], [1.082, 1.064, 17.184, 13.97, 0.874, 100.0, 52.842, 0.793, 43.696]]	[[70.16569519042969, 86.18604278564453, 112.1617202758789, 115.1597671508789, 121.09893798828125, 138.1178741455078, 188.11656188964844, 205.13821411132812, 243.21400451660156, 295.1651306152344, 344.1908874511719, 363.21783447265625, 549.2845458984375], [0.09649067372083664, 0.052051011472940445, 0.1344587802886963, 0.22274287045001984, 0.11919808387756348, 0.07478375732898712, 0.19325996935367584, 0.041286204010248184, 0.18672509491443634, 0.12140170484781265, 0.0885247141122818, 0.15180912613868713, 1.0]]	3	70907772	6	0.6929699	0.0007206609	7883508912268307308	2022-04-06 17:53:09.0	marine invertebrate-associated microbiomes are rich resources for prospecting novel genes and bioactive compounds. In a previous study, we isolated Streptomyces sp. SCSIO 001680, coded as strain 63, from the Red Sea nudibranch Chromodoris quadricolor, exhibits antimicrobial and antitumor activity.	MSV000089210	 Bruker ImpactII ultra-high-resolution Qq-TOF mass spectrometer	 Bruker ImpactII ultra-high-resolution Qq-TOF mass spectrometer	streptomyces metablom	Streptomyces sp. SCSIO 001680	Streptomyces sp. SCSIO 001680	GNPS Streptomyces sp. SCSIO 001680 associated with nudibranch	SAMAR (samarabdelrahman)	Str63_R5A_B_12d_P1-B-6_01_3318
110.45	406.22375	549.2855	Corinna Brungs	MSVPLACEHOLDERID	MCE bioactive compounds library	405.216475	C23H27N5O2	HCD	none	InChI=1S/C23H27N5O2/c1-30-20-7-11-24-22(26-20)27-13-9-23(10-14-27)8-4-12-28(21(23)29)16-17-15-25-19-6-3-2-5-18(17)19/h2-3,5-7,11,15,25H,4,8-10,12-14,16H2,1H3	PCMHOSYCWRRHTG-UHFFFAOYSA-N	Orbitrap	ESI	1.2000000476839432	2	Tomas Pluskal	0.9731724062527856	PASSED	0.99532574	0.8888889	660	Orbitrap ID-X	nan	mzspec:MSVPLACEHOLDERID:20220601_pluskal_mce_1D1_A1_id.mzML:660	[M+H]+	1	4	example_5_spectra.mgf	+	IPSU	COc1nc(N2CCC3(CCCN(Cc4c[nH]c5ccccc45)C3=O)CC2)ncc1	0	[[45.134823, 45.13699, 110.096245, 130.064972, 136.111862, 277.16571, 289.165924, 307.177856, 406.223083], [1.082, 1.064, 17.184, 13.97, 0.874, 100.0, 52.842, 0.793, 43.696]]	[[70.16536712646484, 112.16161346435547, 115.15966796875, 121.09857177734375, 128.18582153320312, 138.1177215576172, 146.12014770507812, 158.14724731445312, 175.1688232421875, 188.11624145507812, 205.1378631591797, 243.21395874023438, 260.13287353515625, 295.1634826660156, 344.1878662109375, 361.2130126953125, 363.2168884277344, 429.2695617675781, 549.2833862304688], [0.07257899641990662, 0.1297091245651245, 0.23244845867156982, 0.09642398357391357, 0.01566789299249649, 0.08382249623537064, 0.01798960380256176, 0.06265696883201599, 0.15753313899040222, 0.18828485906124115, 0.05299048125743866, 0.19675399363040924, 0.03784095495939255, 0.14873546361923218, 0.10222825407981873, 0.05657525733113289, 0.1325492113828659, 0.06667980551719666, 1.0]]	3	70907787	7	0.6927457	0.0007206609	7883508980987751268	2022-04-06 17:53:09.0	marine invertebrate-associated microbiomes are rich resources for prospecting novel genes and bioactive compounds. In a previous study, we isolated Streptomyces sp. SCSIO 001680, coded as strain 63, from the Red Sea nudibranch Chromodoris quadricolor, exhibits antimicrobial and antitumor activity.	MSV000089210	 Bruker ImpactII ultra-high-resolution Qq-TOF mass spectrometer	 Bruker ImpactII ultra-high-resolution Qq-TOF mass spectrometer	streptomyces metablom	Streptomyces sp. SCSIO 001680	Streptomyces sp. SCSIO 001680	GNPS Streptomyces sp. SCSIO 001680 associated with nudibranch	SAMAR (samarabdelrahman)	Str63_R5A_B_12d_P1-B-6_01_3318
69.34	294.20637	294.2068	Corinna Brungs	MSVPLACEHOLDERID	MCE bioactive compounds library	293.199094	C17H27NO3	HCD	none	InChI=1S/C17H27NO3/c1-11-6-5-9-17(2)15(21-17)14-12(8-7-11)13(10-18(3)4)16(19)20-14/h6,12-15H,5,7-10H2,1-4H3/b11-6-/t12-,13+,14-,15+,17+/m0/s1	UJNSFDHVIBGEJZ-CMRIBGNTSA-N	Orbitrap	ESI	1.2000000476839432	2	Tomas Pluskal	1.0	PASSED	0.95719075	0.91803277	-1	Orbitrap ID-X	ALL_ENERGIES	mzspec:MSVPLACEHOLDERID:20220601_100AGC_pluskal_mce_1D1_A13_id.mzML:-1	[M+H]+	1	1	example_5_spectra.mgf	+	DMAPT	C/C1=C/CC[C@@]2(C)O[C@@H]2[C@H]2OC(=O)[C@H](CN(C)C)[C@@H]2CC1	1	[[42.033739, 43.017743, 43.041538, 44.049385, 46.064932, 55.053921, 56.049297, 58.061086, 58.064829, 58.068315, 58.071661, 58.074808, 67.053963, 69.069565, 79.053978, 81.069616, 82.064804, 84.080497, 91.053903, 93.069577, 94.064888, 95.048843, 95.085147, 97.088348, 98.059745, 105.069597, 106.064804, 107.085253, 108.080338, 109.064416, 109.100923, 110.096075, 116.070213, 117.069763, 119.085279, 121.100884, 129.069626, 131.085311, 133.10089, 134.059753, 135.117294, 144.093231, 145.100601, 147.11673, 149.13218, 159.116485, 161.131911, 164.107071, 164.143127, 175.112091, 177.127193, 185.13264, 192.174698, 203.14307, 222.185104, 231.13818, 249.148476, 250.216614, 251.117976, 294.128296, 294.206632], [2.023, 1.244, 0.375, 0.271, 0.633, 0.247, 0.434, 0.921, 100.0, 4.309, 1.067, 0.3, 0.832, 0.262, 1.014, 1.317, 0.901, 0.567, 1.516, 2.084, 0.298, 0.28, 0.577, 0.201, 0.372, 1.626, 0.358, 1.159, 0.242, 0.257, 0.465, 1.043, 0.429, 0.601, 1.489, 0.483, 0.285, 0.665, 0.474, 0.937, 0.205, 0.522, 0.202, 0.298, 2.214, 2.567, 0.35, 0.243, 0.255, 0.209, 1.388, 0.432, 0.38, 0.317, 0.206, 0.57, 2.331, 0.841, 1.62, 0.191, 26.983]]	[[56.049964904785156, 58.0540885925293, 58.05921173095703, 58.06171798706055, 58.062652587890625, 58.065635681152344, 58.06871032714844, 58.07123947143555, 58.07784652709961, 59.06269454956055, 59.068965911865234, 59.07050323486328, 67.0545883178711, 70.1347427368164, 81.07012939453125, 84.0445556640625, 86.09657287597656, 95.0857162475586, 102.05513763427734, 105.06995391845703, 120.0810546875, 121.06505584716797, 122.06851959228516, 135.08079528808594, 147.08087158203125, 159.0806121826172, 160.0846710205078, 163.7998809814453, 166.08653259277344, 167.08966064453125, 168.13853454589844, 171.06980895996094, 171.0747833251953, 171.0806884765625, 172.0834197998047, 173.09689331054688, 177.11505126953125, 178.1229705810547, 181.1019744873047, 185.09677124023438, 186.09152221679688, 187.11228942871094, 198.10452270507812, 199.1082000732422, 213.12777709960938, 214.13119506835938, 215.14352416992188, 220.00115966796875, 222.25462341308594, 227.95803833007812, 231.11294555664062, 231.13844299316406, 269.4086608886719, 276.1960754394531, 277.118408203125, 277.19952392578125, 278.20245361328125, 294.20660400390625, 295.2100524902344, 296.21240234375], [0.0015681223012506962, 0.0013902471400797367, 0.0011339058401063085, 0.0035026546102017164, 0.0061151436530053616, 1.0, 0.0066536795347929, 0.0011178049026057124, 0.0013053263537585735, 0.0031862184405326843, 0.030393166467547417, 0.001131189288571477, 0.0018298191716894507, 0.0007327519124373794, 0.0010537552880123258, 0.005459397565573454, 0.0014342492213472724, 0.0008012562757357955, 0.0015182944480329752, 0.0011652500834316015, 0.0118267722427845, 0.06010812148451805, 0.004022523760795593, 0.001664134324528277, 0.003293445101007819, 0.005532568320631981, 0.0007901117205619812, 0.0006786910234950483, 0.010038625448942184, 0.0015302107203751802, 0.002328514354303479, 0.0009651679429225624, 0.0006839109119027853, 0.057389311492443085, 0.006832527928054333, 0.0006883680471219122, 0.0019756269175559282, 0.0016282638534903526, 0.0023438201751559973, 0.0028976439498364925, 0.0008090466144494712, 0.002680727280676365, 0.010443815030157566, 0.001417695777490735, 0.07040350884199142, 0.013554691337049007, 0.001214915537275374, 0.000685738050378859, 0.0006757501978427172, 0.0007130455342121422, 0.007568886503577232, 0.0036709571722894907, 0.000708874489646405, 0.2191244214773178, 0.00490896962583065, 0.0454033687710762, 0.002787431236356497, 0.22374266386032104, 0.04622279852628708, 0.0035624646116048098]]	0	33773890	9	0.6920844	7.0742695e-05	-1396971074589659691	2022-01-05 15:32:41.0	Human stool samples analyzed via untargeted metabolomics (LC/MS) from the MIND sample set.	MSV000088646	MS:1001911	Q Exactive	metabolomics	NCBITaxon:9606	Homo sapiens (NCBITaxon:9606)	GNPS_U19_MIND_Stool_Samples_Untargeted		216571_Y1
69.34	294.20637	294.18448	Corinna Brungs	MSVPLACEHOLDERID	MCE bioactive compounds library	293.199094	C17H27NO3	HCD	none	InChI=1S/C17H27NO3/c1-11-6-5-9-17(2)15(21-17)14-12(8-7-11)13(10-18(3)4)16(19)20-14/h6,12-15H,5,7-10H2,1-4H3/b11-6-/t12-,13+,14-,15+,17+/m0/s1	UJNSFDHVIBGEJZ-CMRIBGNTSA-N	Orbitrap	ESI	1.2000000476839432	2	Tomas Pluskal	1.0	PASSED	0.95719075	0.91803277	-1	Orbitrap ID-X	ALL_ENERGIES	mzspec:MSVPLACEHOLDERID:20220601_100AGC_pluskal_mce_1D1_A13_id.mzML:-1	[M+H]+	1	1	example_5_spectra.mgf	+	DMAPT	C/C1=C/CC[C@@]2(C)O[C@@H]2[C@H]2OC(=O)[C@H](CN(C)C)[C@@H]2CC1	1	[[42.033739, 43.017743, 43.041538, 44.049385, 46.064932, 55.053921, 56.049297, 58.061086, 58.064829, 58.068315, 58.071661, 58.074808, 67.053963, 69.069565, 79.053978, 81.069616, 82.064804, 84.080497, 91.053903, 93.069577, 94.064888, 95.048843, 95.085147, 97.088348, 98.059745, 105.069597, 106.064804, 107.085253, 108.080338, 109.064416, 109.100923, 110.096075, 116.070213, 117.069763, 119.085279, 121.100884, 129.069626, 131.085311, 133.10089, 134.059753, 135.117294, 144.093231, 145.100601, 147.11673, 149.13218, 159.116485, 161.131911, 164.107071, 164.143127, 175.112091, 177.127193, 185.13264, 192.174698, 203.14307, 222.185104, 231.13818, 249.148476, 250.216614, 251.117976, 294.128296, 294.206632], [2.023, 1.244, 0.375, 0.271, 0.633, 0.247, 0.434, 0.921, 100.0, 4.309, 1.067, 0.3, 0.832, 0.262, 1.014, 1.317, 0.901, 0.567, 1.516, 2.084, 0.298, 0.28, 0.577, 0.201, 0.372, 1.626, 0.358, 1.159, 0.242, 0.257, 0.465, 1.043, 0.429, 0.601, 1.489, 0.483, 0.285, 0.665, 0.474, 0.937, 0.205, 0.522, 0.202, 0.298, 2.214, 2.567, 0.35, 0.243, 0.255, 0.209, 1.388, 0.432, 0.38, 0.317, 0.206, 0.57, 2.331, 0.841, 1.62, 0.191, 26.983]]	[[51.70041275024414, 53.98051834106445, 56.63056564331055, 57.91881561279297, 58.05938720703125, 58.061134338378906, 58.06255340576172, 58.06547546386719, 59.1993522644043, 61.4205322265625, 62.530494689941406, 62.949790954589844, 66.20927429199219, 66.84310913085938, 68.1841049194336, 69.89212036132812, 72.08058166503906, 74.3877182006836, 76.26178741455078, 76.5992202758789, 76.84664916992188, 81.0869369506836, 82.58995819091797, 85.47158813476562, 101.8670654296875, 108.04265594482422, 108.66815948486328, 122.60200500488281, 126.61882781982422, 131.52249145507812, 149.0432891845703, 149.58924865722656, 152.01678466796875, 196.3757781982422, 199.82525634765625, 205.10072326660156, 206.4827117919922, 220.2986602783203, 242.18798828125, 249.12649536132812, 284.9659423828125, 294.0453796386719, 294.10772705078125, 294.184326171875, 294.2108154296875], [0.008394618518650532, 0.010234477929770947, 0.00869326014071703, 0.010421324521303177, 0.019543401896953583, 0.053487371653318405, 0.14511728286743164, 0.9542256593704224, 0.007831865921616554, 0.008586926385760307, 0.008786610327661037, 0.00852163415402174, 0.0073935710825026035, 0.007639481220394373, 0.007611020002514124, 0.007357696071267128, 0.03153129294514656, 0.008972876705229282, 0.007712442893534899, 0.009937325492501259, 0.007600280921906233, 0.0078118108212947845, 0.008029268123209476, 0.009286082349717617, 0.008681971579790115, 0.009404818527400494, 0.007754117716103792, 0.008109353482723236, 0.008219386450946331, 0.008487340994179249, 0.013961004093289375, 0.008701397106051445, 0.008312998339533806, 0.008951605297625065, 0.007488036062568426, 0.08333464711904526, 0.010021083988249302, 0.00805916078388691, 0.0076907058246433735, 0.05905742198228836, 0.008248021826148033, 0.009113993495702744, 0.010286297649145126, 1.0, 0.01820414513349533]]	0	6282035	10	0.69142264	0.00016612747	-8031898743771601443	2021-03-04 19:12:08.0	Non-targeted LC-MS/MS (pos + neg mode) of PPL SPE extracted seawater and aerosol samples from Imperial Beach study 2020.	MSV000087006	MS:1001910	LTQ Orbitrap Elite		NCBITaxon:33858	environmental samples <Bacillariophyta> (NCBITaxon:33858)	GNPS - IB2020 Ocean-Air transport Non-targted MS/MS pos/neg mode (Full Dataset)		QC_6
110.45	406.22375	434.226	Corinna Brungs	MSVPLACEHOLDERID	MCE bioactive compounds library	405.216475	C23H27N5O2	HCD	none	InChI=1S/C23H27N5O2/c1-30-20-7-11-24-22(26-20)27-13-9-23(10-14-27)8-4-12-28(21(23)29)16-17-15-25-19-6-3-2-5-18(17)19/h2-3,5-7,11,15,25H,4,8-10,12-14,16H2,1H3	PCMHOSYCWRRHTG-UHFFFAOYSA-N	Orbitrap	ESI	1.2000000476839432	2	Tomas Pluskal	0.9731724062527856	PASSED	0.99532574	0.8888889	660	Orbitrap ID-X	nan	mzspec:MSVPLACEHOLDERID:20220601_pluskal_mce_1D1_A1_id.mzML:660	[M+H]+	1	4	example_5_spectra.mgf	+	IPSU	COc1nc(N2CCC3(CCCN(Cc4c[nH]c5ccccc45)C3=O)CC2)ncc1	0	[[45.134823, 45.13699, 110.096245, 130.064972, 136.111862, 277.16571, 289.165924, 307.177856, 406.223083], [1.082, 1.064, 17.184, 13.97, 0.874, 100.0, 52.842, 0.793, 43.696]]	[[110.08293151855469, 120.09024047851562, 129.11343383789062, 130.1148681640625, 141.1118927001953, 155.08493041992188, 156.08953857421875, 166.075439453125, 169.1051025390625, 173.136962890625, 176.12542724609375, 177.12583923339844, 178.14378356933594, 181.06983947753906, 197.16989135742188, 202.11245727539062, 207.15956115722656, 209.09146118164062, 217.13882446289062, 221.1467742919922, 223.16189575195312, 224.17604064941406, 226.12657165527344, 227.0718536376953, 234.13153076171875, 235.128173828125, 240.1425018310547, 244.13906860351562, 245.14744567871094, 251.1580047607422, 252.16018676757812, 263.14544677734375, 264.1475830078125, 279.1504211425781, 289.1661376953125, 289.66693115234375, 302.1546936035156, 311.1737060546875, 319.1434631347656, 321.1935119628906, 322.1824951171875, 334.22509765625, 337.157470703125, 351.2530822753906, 355.16485595703125, 361.24090576171875, 362.2270202636719, 364.1795349121094, 382.19122314453125, 419.21142578125, 440.25341796875, 447.2015380859375, 450.2333984375, 464.2271423339844, 466.28302001953125, 468.248291015625, 469.2410583496094, 492.21624755859375, 532.291259765625, 577.3092041015625], [0.6574074029922485, 0.2008301466703415, 0.6111111044883728, 0.06257981806993484, 0.058748405426740646, 0.04661558195948601, 0.05395913124084473, 0.10919540375471115, 0.04693486541509628, 0.07503192871809006, 0.2943805754184723, 0.04565772786736488, 0.05970625951886177, 0.049808427691459656, 0.04725414887070656, 0.048531290143728256, 0.18103447556495667, 0.06449553370475769, 0.2120051085948944, 0.148786723613739, 0.13441890478134155, 0.051085568964481354, 0.2803320586681366, 0.05842911824584007, 0.13601532578468323, 0.12899106740951538, 0.06960408389568329, 0.15102170407772064, 0.05491698533296585, 0.10376755893230438, 0.0517241396009922, 1.0, 0.10632184147834778, 0.05715198069810867, 0.13441890478134155, 0.04278416186571121, 0.16507023572921753, 0.08908046036958694, 0.09450829774141312, 0.046296294778585434, 0.04789271950721741, 0.04821200668811798, 0.12420178949832916, 0.14719028770923615, 0.1538952738046646, 0.04565772786736488, 0.05076628178358078, 0.09259258955717087, 0.0795019119977951, 0.04469987377524376, 0.17784163355827332, 0.19795657694339752, 0.22030651569366455, 0.06034482643008232, 0.043103449046611786, 0.1816730499267578, 0.05140485242009163, 0.10536398738622665, 0.05970625951886177, 0.17528735101222992]]	3	25136742	8	0.6906478	0.0009271137	-3316089819509561727	2018-06-19 12:52:30.0	Here we apply metabolomics to study the interaction of two co-isolated model organisms, Xanthomonas retroflexus and Paenibacillus amylolyticus. When cultured in close proximity on agar plates Xanthomonas retroflexus induces a clear morphological response from Paenibacillus amylolyticus, leading to enhanced growth of Paenibacillus amylolyticus. Application of 2D spatial metabolomics shows how Xanthomonas retroflexus influences the chemical environment by production specific metabolites. 	MSV000082481				NCBITaxon:305959;NCBITaxon:1451	Xanthomonas retroflexus	GNPS - Two-Species interaction through pH stabilisation		24hrs_7Crtl_HenTrial1_F5_P1-F-5_01_31733
110.45	406.22375	434.21936	Corinna Brungs	MSVPLACEHOLDERID	MCE bioactive compounds library	405.216475	C23H27N5O2	HCD	none	InChI=1S/C23H27N5O2/c1-30-20-7-11-24-22(26-20)27-13-9-23(10-14-27)8-4-12-28(21(23)29)16-17-15-25-19-6-3-2-5-18(17)19/h2-3,5-7,11,15,25H,4,8-10,12-14,16H2,1H3	PCMHOSYCWRRHTG-UHFFFAOYSA-N	Orbitrap	ESI	1.2000000476839432	2	Tomas Pluskal	0.9731724062527856	PASSED	0.99532574	0.8888889	660	Orbitrap ID-X	nan	mzspec:MSVPLACEHOLDERID:20220601_pluskal_mce_1D1_A1_id.mzML:660	[M+H]+	1	4	example_5_spectra.mgf	+	IPSU	COc1nc(N2CCC3(CCCN(Cc4c[nH]c5ccccc45)C3=O)CC2)ncc1	0	[[45.134823, 45.13699, 110.096245, 130.064972, 136.111862, 277.16571, 289.165924, 307.177856, 406.223083], [1.082, 1.064, 17.184, 13.97, 0.874, 100.0, 52.842, 0.793, 43.696]]	[[110.08045196533203, 120.0889663696289, 129.11134338378906, 139.0950927734375, 155.09193420410156, 156.08203125, 166.07626342773438, 167.6227264404297, 173.1365203857422, 176.12518310546875, 177.1297149658203, 181.06777954101562, 207.15525817871094, 209.09547424316406, 217.13845825195312, 221.14053344726562, 223.1630096435547, 224.18370056152344, 226.1217041015625, 233.1499481201172, 234.13027954101562, 235.1298370361328, 244.133056640625, 251.1549530029297, 263.14361572265625, 264.1445007324219, 279.1558532714844, 289.1636657714844, 289.66351318359375, 302.1558837890625, 303.15594482421875, 309.1574401855469, 319.1436767578125, 321.1814880371094, 337.1519470214844, 338.15350341796875, 339.20965576171875, 351.2525634765625, 352.2505798339844, 355.1621398925781, 361.2281799316406, 364.18157958984375, 379.25048828125, 382.19305419921875, 400.1959228515625, 440.25518798828125, 447.20452880859375, 448.2000732421875, 450.235107421875, 451.244140625, 464.2295227050781, 468.2422790527344, 469.2474060058594, 492.2208251953125, 532.2857055664062, 577.31396484375, 578.3095092773438], [0.738035261631012, 0.17481108009815216, 0.5450881719589233, 0.0957178846001625, 0.060453400015830994, 0.07657431066036224, 0.1551637351512909, 0.05692695081233978, 0.10176322609186172, 0.32795968651771545, 0.07455919682979584, 0.14559194445610046, 0.26649874448776245, 0.10579345375299454, 0.16977329552173615, 0.10680101066827774, 0.18287153542041779, 0.1546599566936493, 0.19244332611560822, 0.14206549525260925, 0.17178840935230255, 0.1264483630657196, 0.1581863909959793, 0.16221661865711212, 1.0, 0.1274559199810028, 0.060453400015830994, 0.19345088303089142, 0.05994962155818939, 0.21511335670948029, 0.05591939389705658, 0.057430729269981384, 0.0619647353887558, 0.05591939389705658, 0.18287153542041779, 0.07304786145687103, 0.07657431066036224, 0.1249370276927948, 0.07909319549798965, 0.20302267372608185, 0.07909319549798965, 0.11788412928581238, 0.05340050533413887, 0.07506297528743744, 0.05440806224942207, 0.12191435694694519, 0.20201511681079865, 0.057430729269981384, 0.18035264313220978, 0.05591939389705658, 0.09068010002374649, 0.20201511681079865, 0.07758186757564545, 0.08010075241327286, 0.08463475853204727, 0.17128463089466095, 0.08715365082025528]]	3	18472424	9	0.6891685	0.0007157671	-4369912341104957567	2018-06-19 12:52:30.0	Here we apply metabolomics to study the interaction of two co-isolated model organisms, Xanthomonas retroflexus and Paenibacillus amylolyticus. When cultured in close proximity on agar plates Xanthomonas retroflexus induces a clear morphological response from Paenibacillus amylolyticus, leading to enhanced growth of Paenibacillus amylolyticus. Application of 2D spatial metabolomics shows how Xanthomonas retroflexus influences the chemical environment by production specific metabolites. 	MSV000082481				NCBITaxon:305959;NCBITaxon:1451	Xanthomonas retroflexus	GNPS - Two-Species interaction through pH stabilisation		48hrs_7Crtl_HenTrial1_E11_P2-E-11_01_31699
110.45	406.22375	434.21893	Corinna Brungs	MSVPLACEHOLDERID	MCE bioactive compounds library	405.216475	C23H27N5O2	HCD	none	InChI=1S/C23H27N5O2/c1-30-20-7-11-24-22(26-20)27-13-9-23(10-14-27)8-4-12-28(21(23)29)16-17-15-25-19-6-3-2-5-18(17)19/h2-3,5-7,11,15,25H,4,8-10,12-14,16H2,1H3	PCMHOSYCWRRHTG-UHFFFAOYSA-N	Orbitrap	ESI	1.2000000476839432	2	Tomas Pluskal	0.9731724062527856	PASSED	0.99532574	0.8888889	660	Orbitrap ID-X	nan	mzspec:MSVPLACEHOLDERID:20220601_pluskal_mce_1D1_A1_id.mzML:660	[M+H]+	1	4	example_5_spectra.mgf	+	IPSU	COc1nc(N2CCC3(CCCN(Cc4c[nH]c5ccccc45)C3=O)CC2)ncc1	0	[[45.134823, 45.13699, 110.096245, 130.064972, 136.111862, 277.16571, 289.165924, 307.177856, 406.223083], [1.082, 1.064, 17.184, 13.97, 0.874, 100.0, 52.842, 0.793, 43.696]]	[[110.0829849243164, 116.0844955444336, 120.0921401977539, 129.1130828857422, 156.083740234375, 166.0741424560547, 173.1359405517578, 176.12498474121094, 181.07015991210938, 207.1589813232422, 209.1006317138672, 217.13987731933594, 221.1473846435547, 223.16302490234375, 224.1826934814453, 226.12319946289062, 233.15174865722656, 234.13035583496094, 235.12754821777344, 240.14601135253906, 244.13638305664062, 245.13885498046875, 251.15708923339844, 263.14434814453125, 264.1437683105469, 289.1641540527344, 302.158203125, 309.1624755859375, 311.172607421875, 319.14532470703125, 337.15771484375, 338.1559143066406, 351.2525634765625, 355.1647033691406, 364.1813659667969, 379.2477111816406, 382.1885681152344, 383.1896057128906, 400.197021484375, 422.238525390625, 432.23236083984375, 440.2539367675781, 447.205078125, 450.2342834472656, 464.2339172363281, 468.2460632324219, 469.25494384765625, 492.2177429199219, 532.2888793945312, 577.3068237304688, 578.31396484375, 605.3123779296875], [0.6981416344642639, 0.052235059440135956, 0.15821194648742676, 0.5449522733688354, 0.05022601783275604, 0.07081868499517441, 0.07332998514175415, 0.35409343242645264, 0.09693621098995209, 0.21998995542526245, 0.06027122214436531, 0.1993972808122635, 0.13159216940402985, 0.13008537888526917, 0.1130085363984108, 0.3430436849594116, 0.08538422733545303, 0.13711702823638916, 0.2209944725036621, 0.08086388558149338, 0.1466599702835083, 0.08237066864967346, 0.23907583951950073, 1.0, 0.2225012630224228, 0.13561025261878967, 0.1325966864824295, 0.059266701340675354, 0.08689101040363312, 0.05022601783275604, 0.14866900444030762, 0.06328478455543518, 0.14264188706874847, 0.13309894502162933, 0.12405826151371002, 0.05072827637195587, 0.102461077272892, 0.053239576518535614, 0.052235059440135956, 0.07634354382753372, 0.06077348068356514, 0.14364640414714813, 0.12857860326766968, 0.16474133729934692, 0.06579608470201492, 0.22551481425762177, 0.07383224368095398, 0.09342039376497269, 0.07634354382753372, 0.16926167905330658, 0.08638875186443329, 0.061778001487255096]]	3	27357200	10	0.6888743	0.0007140509	-2775657855636215935	2018-06-19 12:52:30.0	Here we apply metabolomics to study the interaction of two co-isolated model organisms, Xanthomonas retroflexus and Paenibacillus amylolyticus. When cultured in close proximity on agar plates Xanthomonas retroflexus induces a clear morphological response from Paenibacillus amylolyticus, leading to enhanced growth of Paenibacillus amylolyticus. Application of 2D spatial metabolomics shows how Xanthomonas retroflexus influences the chemical environment by production specific metabolites. 	MSV000082481				NCBITaxon:305959;NCBITaxon:1451	Xanthomonas retroflexus	GNPS - Two-Species interaction through pH stabilisation		48hrs_7Crtl_HenTrial1_F5_P2-F-5_01_31720
77.81	485.21947	470.22794	Corinna Brungs	MSVPLACEHOLDERID	MCE bioactive compounds library	484.212198	C25H29FN4O5	HCD	none	InChI=1S/C25H29FN4O5/c1-27-25(32)35-22-15-34-21-7-6-18(29-8-10-30(11-9-29)19-13-33-14-19)12-20(21)23(22)28-24(31)16-2-4-17(26)5-3-16/h2-7,12,19,22-23H,8-11,13-15H2,1H3,(H,27,32)(H,28,31)/t22-,23-/m0/s1	NDEBZCZEAVMSQF-GOTSBHOMSA-N	Orbitrap	ESI	1.2000000476839432	2	Tomas Pluskal	1.0	PASSED	1.0	1.0	-1	Orbitrap ID-X	SAME_ENERGY	mzspec:MSVPLACEHOLDERID:20220601_pluskal_mce_1D1_A8_id.mzML:-1	[M+H]+	1	3	example_5_spectra.mgf	+	1373215-15-6	CNC(=O)O[C@H]1COc2c(cc(N3CCN(C4COC4)CC3)cc2)[C@@H]1NC(=O)c1ccc(F)cc1	0	[[70.064962, 84.080627, 109.076332, 114.091324, 123.023911, 161.059692, 202.086288, 230.105148, 241.133691, 261.159847, 271.144251, 289.154956, 346.175893, 351.136749, 410.186693], [2.862, 1.511, 1.385, 2.886, 14.149, 2.52, 1.435, 3.367, 26.664, 3.062, 41.501, 100.0, 26.1, 1.2, 8.75]]	[[107.08484649658203, 120.08045959472656, 139.0447235107422, 147.05657958984375, 173.13294982910156, 180.09901428222656, 271.12890625, 272.1293640136719, 273.12933349609375, 310.1500549316406, 345.14190673828125, 346.1480712890625, 347.145751953125, 351.1841735839844, 378.1542053222656, 435.22882080078125, 467.2704772949219, 469.3238525390625, 470.288818359375], [0.04581901431083679, 0.0555555559694767, 0.06242840737104416, 0.08190149068832397, 0.05899198353290558, 0.04467353969812393, 0.05727376788854599, 0.33276060223579407, 0.04925544187426567, 0.09335624426603317, 1.0, 0.210767462849617, 0.05441008135676384, 0.07445590198040009, 0.05841924250125885, 0.05269186571240425, 0.04524627700448036, 0.05269186571240425, 0.04352806508541107]]	2	57378390	1	0.6722364	0.0005472287	5049825107185481462	2018-04-10 21:31:29.0	Data were acquired using a Bruker Maxis Impact and C18 RP-UHPLC using positive polarity of LC-MS/MS.	MSV000082268	MS:1002077	impact	GNPS	NCBITaxon:10090	Mus musculus	GNPS - Merete		Plate7_GB5_01_24263
77.81	485.21947	519.25073	Corinna Brungs	MSVPLACEHOLDERID	MCE bioactive compounds library	484.212198	C25H29FN4O5	HCD	none	InChI=1S/C25H29FN4O5/c1-27-25(32)35-22-15-34-21-7-6-18(29-8-10-30(11-9-29)19-13-33-14-19)12-20(21)23(22)28-24(31)16-2-4-17(26)5-3-16/h2-7,12,19,22-23H,8-11,13-15H2,1H3,(H,27,32)(H,28,31)/t22-,23-/m0/s1	NDEBZCZEAVMSQF-GOTSBHOMSA-N	Orbitrap	ESI	1.2000000476839432	2	Tomas Pluskal	1.0	PASSED	1.0	1.0	-1	Orbitrap ID-X	SAME_ENERGY	mzspec:MSVPLACEHOLDERID:20220601_pluskal_mce_1D1_A8_id.mzML:-1	[M+H]+	1	3	example_5_spectra.mgf	+	1373215-15-6	CNC(=O)O[C@H]1COc2c(cc(N3CCN(C4COC4)CC3)cc2)[C@@H]1NC(=O)c1ccc(F)cc1	1	[[70.064962, 84.080627, 109.076332, 114.091324, 123.023911, 161.059692, 202.086288, 230.105148, 241.133691, 261.159847, 271.144251, 289.154956, 346.175893, 351.136749, 410.186693], [2.862, 1.511, 1.385, 2.886, 14.149, 2.52, 1.435, 3.367, 26.664, 3.062, 41.501, 100.0, 26.1, 1.2, 8.75]]	[[56.050384521484375, 69.07080841064453, 70.06538391113281, 72.08099365234375, 74.06066131591797, 84.04524993896484, 84.08080291748047, 86.0964584350586, 87.05584716796875, 88.04015350341797, 101.07172393798828, 102.05579376220703, 104.05388641357422, 107.04914093017578, 110.07254028320312, 116.07195281982422, 120.08098602294922, 123.0443344116211, 124.07685089111328, 126.02348327636719, 129.1038055419922, 130.06643676757812, 136.07594299316406, 137.0598907470703, 138.0648651123047, 138.0819549560547, 138.09153747558594, 139.09652709960938, 141.10340881347656, 143.1195068359375, 147.1148223876953, 154.08665466308594, 155.09152221679688, 159.0927734375, 166.08847045898438, 173.13064575195312, 180.1044921875, 183.1169891357422, 186.1262969970703, 188.07534790039062, 200.10903930664062, 201.1273193359375, 215.142333984375, 260.0621032714844, 260.1275329589844, 261.1328125, 272.0997009277344, 272.1277160644531, 273.13153076171875, 276.1226501464844, 288.1219787597656, 289.1293029785156, 299.0660095214844, 303.1720275878906, 367.1341857910156, 382.1651306152344, 383.16912841796875, 395.12762451171875, 397.2165222167969, 519.2651977539062], [0.03627962991595268, 0.012557449750602245, 0.18653978407382965, 0.13960234820842743, 0.02006586827337742, 0.04254882037639618, 0.08312265574932098, 0.4356781840324402, 0.01198646705597639, 0.01370666828006506, 0.013503213413059711, 0.019698768854141235, 0.02073712646961212, 0.09200109541416168, 0.04731563478708267, 0.042995635420084, 0.1328209936618805, 0.11347857862710953, 0.01821780949831009, 0.018861794844269753, 0.03903485834598541, 0.012992496602237225, 0.1149541363120079, 0.1519988775253296, 0.014809965156018734, 0.021397249773144722, 0.29733923077583313, 0.04155762493610382, 0.013047331012785435, 0.03443416208028793, 0.014878557063639164, 0.1063491627573967, 0.012054565362632275, 0.019228190183639526, 0.033554598689079285, 0.015125160105526447, 0.015412712469696999, 0.012322315014898777, 0.01700800471007824, 0.013202492147684097, 0.01514387782663107, 0.014046857133507729, 0.018023094162344933, 0.01874776929616928, 0.09820349514484406, 0.014103866182267666, 0.0476769283413887, 1.0, 0.20142515003681183, 0.07367698848247528, 0.10690522193908691, 0.02778630703687668, 0.013112867251038551, 0.012529846280813217, 0.012509465217590332, 0.2782091200351715, 0.07271790504455566, 0.0738319456577301, 0.012375968508422375, 0.04033321142196655]]	2	16946471	2	0.65749115	0.00013417003	-4610258172759839785	2016-09-21 06:41:26.0	LC-MS/MS of 50/50 water/methanol extracts of mouse fecal pellets.	MSV000080183	Q-Exactive	Q-Exactive	Mouse	NCBITaxon:10090	Mus musculus	GNPS - Mouse Fecal Metabolites		15-F-16
77.81	485.21947	671.32825	Corinna Brungs	MSVPLACEHOLDERID	MCE bioactive compounds library	484.212198	C25H29FN4O5	HCD	none	InChI=1S/C25H29FN4O5/c1-27-25(32)35-22-15-34-21-7-6-18(29-8-10-30(11-9-29)19-13-33-14-19)12-20(21)23(22)28-24(31)16-2-4-17(26)5-3-16/h2-7,12,19,22-23H,8-11,13-15H2,1H3,(H,27,32)(H,28,31)/t22-,23-/m0/s1	NDEBZCZEAVMSQF-GOTSBHOMSA-N	Orbitrap	ESI	1.2000000476839432	2	Tomas Pluskal	1.0	PASSED	1.0	1.0	-1	Orbitrap ID-X	SAME_ENERGY	mzspec:MSVPLACEHOLDERID:20220601_pluskal_mce_1D1_A8_id.mzML:-1	[M+H]+	1	3	example_5_spectra.mgf	+	1373215-15-6	CNC(=O)O[C@H]1COc2c(cc(N3CCN(C4COC4)CC3)cc2)[C@@H]1NC(=O)c1ccc(F)cc1	0	[[70.064962, 84.080627, 109.076332, 114.091324, 123.023911, 161.059692, 202.086288, 230.105148, 241.133691, 261.159847, 271.144251, 289.154956, 346.175893, 351.136749, 410.186693], [2.862, 1.511, 1.385, 2.886, 14.149, 2.52, 1.435, 3.367, 26.664, 3.062, 41.501, 100.0, 26.1, 1.2, 8.75]]	[[124.07721710205078, 143.1192169189453, 164.07139587402344, 166.088134765625, 202.10572814941406, 209.13067626953125, 228.0900115966797, 229.13536071777344, 238.10922241210938, 242.15042114257812, 271.1471252441406, 272.15386962890625, 273.1253662109375, 287.14007568359375, 289.15655517578125, 290.1602783203125, 301.1565246582031, 303.1335144042969, 305.1559143066406, 307.16546630859375, 315.1376953125, 321.146728515625, 323.1615905761719, 330.1669006347656, 333.1457214355469, 345.145751953125, 345.1708984375, 346.18060302734375, 351.1568908691406, 370.17852783203125, 371.17730712890625, 391.15191650390625, 418.2131042480469, 423.1810302734375, 427.15252685546875, 438.2021789550781, 445.1625671386719, 446.16473388671875, 462.2038269042969, 480.2115783691406, 481.2177734375, 496.2076416015625, 497.2209777832031, 498.22491455078125, 499.22210693359375, 514.2130126953125, 516.2340698242188, 517.240966796875, 518.2373046875, 528.2293701171875, 535.2607421875, 546.247314453125, 547.247802734375, 603.2883911132812, 621.295166015625, 622.2955932617188, 637.2872924804688, 639.30517578125, 640.307861328125, 655.3018188476562], [0.15923912823200226, 0.09239130467176437, 0.11684782803058624, 0.11304347962141037, 0.18967391550540924, 0.104347825050354, 0.09619565308094025, 0.10869564861059189, 0.134782612323761, 0.09945651888847351, 0.770108699798584, 0.10217390954494476, 0.26902174949645996, 0.11358695477247238, 1.0, 0.197826087474823, 0.27989131212234497, 0.09673912823200226, 0.177173912525177, 0.166304349899292, 0.16032609343528748, 0.19673913717269897, 0.20217391848564148, 0.1402173936367035, 0.1407608687877655, 0.09021738916635513, 0.11304347962141037, 0.09728261083364487, 0.094021737575531, 0.13750000298023224, 0.10815217345952988, 0.09293477982282639, 0.09836956858634949, 0.229347825050354, 0.23804347217082977, 0.17336957156658173, 0.3282608687877655, 0.1820652186870575, 0.11847826093435287, 0.26413044333457947, 0.18097825348377228, 0.09728261083364487, 0.11413043737411499, 0.384239137172699, 0.12826086580753326, 0.12934783101081848, 0.678804337978363, 0.22499999403953552, 0.0885869562625885, 0.11032608896493912, 0.1304347813129425, 0.6309782862663269, 0.19565217196941376, 0.0989130437374115, 0.44565218687057495, 0.21032609045505524, 0.10380434989929199, 0.758695662021637, 0.3494565188884735, 0.09293477982282639]]	2	14240981	3	0.65153444	0.00048929744	-5817095728234170139	2019-07-17 08:35:08.0	Metabolic analysis of cheetah fecal samples and blanks, standard methanol extraction. Data was acquired using a Bruker Daltonics maXis Impact and C18 RP-UHPLC. Positive polarity acquisition of LC-MS/MS	MSV000084099	MS:1001541	maXis	cheetah	NCBITaxon:32536	Acinonyx jubatus	GNPS - SEED - Cheetah diet / livers necrosis study - Ion Identity Networking		G85009_BH7_01_37187
77.81	485.21947	510.20847	Corinna Brungs	MSVPLACEHOLDERID	MCE bioactive compounds library	484.212198	C25H29FN4O5	HCD	none	InChI=1S/C25H29FN4O5/c1-27-25(32)35-22-15-34-21-7-6-18(29-8-10-30(11-9-29)19-13-33-14-19)12-20(21)23(22)28-24(31)16-2-4-17(26)5-3-16/h2-7,12,19,22-23H,8-11,13-15H2,1H3,(H,27,32)(H,28,31)/t22-,23-/m0/s1	NDEBZCZEAVMSQF-GOTSBHOMSA-N	Orbitrap	ESI	1.2000000476839432	2	Tomas Pluskal	1.0	PASSED	1.0	1.0	-1	Orbitrap ID-X	SAME_ENERGY	mzspec:MSVPLACEHOLDERID:20220601_pluskal_mce_1D1_A8_id.mzML:-1	[M+H]+	1	3	example_5_spectra.mgf	+	1373215-15-6	CNC(=O)O[C@H]1COc2c(cc(N3CCN(C4COC4)CC3)cc2)[C@@H]1NC(=O)c1ccc(F)cc1	1	[[70.064962, 84.080627, 109.076332, 114.091324, 123.023911, 161.059692, 202.086288, 230.105148, 241.133691, 261.159847, 271.144251, 289.154956, 346.175893, 351.136749, 410.186693], [2.862, 1.511, 1.385, 2.886, 14.149, 2.52, 1.435, 3.367, 26.664, 3.062, 41.501, 100.0, 26.1, 1.2, 8.75]]	[[70.06349807590269, 73.764053894567, 177.1122181099555, 244.09357581221911, 271.1289509426525, 273.10865855586087, 289.1399293191826, 290.1376798392553, 315.11432990176615, 333.1285334706602, 333.60506618847387, 393.1478274147554, 450.18930883608294, 492.19291254491753, 493.2034108995055, 510.2086170246642], [0.06565210968255997, 0.01778552122414112, 0.05761555954813957, 0.08347523957490921, 0.16773027181625366, 0.09177470207214355, 1.0, 0.117974191904068, 0.10214973241090775, 0.13225965201854706, 0.027584312483668327, 0.06611871719360352, 0.07550876587629318, 0.0569646842777729, 0.01617860235273838, 0.3678503632545471]]	2	12365181	4	0.6514256	0.0003729788	-6536789854306375289	2022-04-25 01:03:25.0	Part of the publication: Phoenicin Switch: Discovering the trigger for radical phoenicin production in multiple wild type Penicillium species.	MSV000089306	MS:1002791	6545 Q-TOF LC/MS	Penicillium	NCBITaxon:1132637	Penicillium atrosanguineum (NCBITaxon:1132637)	GNPS Phoenicin switch: Penicillium atrosanguineum on various growth media		JVC00903
77.81	485.21947	489.23654	Corinna Brungs	MSVPLACEHOLDERID	MCE bioactive compounds library	484.212198	C25H29FN4O5	HCD	none	InChI=1S/C25H29FN4O5/c1-27-25(32)35-22-15-34-21-7-6-18(29-8-10-30(11-9-29)19-13-33-14-19)12-20(21)23(22)28-24(31)16-2-4-17(26)5-3-16/h2-7,12,19,22-23H,8-11,13-15H2,1H3,(H,27,32)(H,28,31)/t22-,23-/m0/s1	NDEBZCZEAVMSQF-GOTSBHOMSA-N	Orbitrap	ESI	1.2000000476839432	2	Tomas Pluskal	1.0	PASSED	1.0	1.0	-1	Orbitrap ID-X	SAME_ENERGY	mzspec:MSVPLACEHOLDERID:20220601_pluskal_mce_1D1_A8_id.mzML:-1	[M+H]+	1	3	example_5_spectra.mgf	+	1373215-15-6	CNC(=O)O[C@H]1COc2c(cc(N3CCN(C4COC4)CC3)cc2)[C@@H]1NC(=O)c1ccc(F)cc1	0	[[70.064962, 84.080627, 109.076332, 114.091324, 123.023911, 161.059692, 202.086288, 230.105148, 241.133691, 261.159847, 271.144251, 289.154956, 346.175893, 351.136749, 410.186693], [2.862, 1.511, 1.385, 2.886, 14.149, 2.52, 1.435, 3.367, 26.664, 3.062, 41.501, 100.0, 26.1, 1.2, 8.75]]	[[70.06551361083984, 111.06678771972656, 120.0806884765625, 123.06605529785156, 136.0745391845703, 169.1331329345703, 172.08810424804688, 198.065185546875, 200.06871032714844, 215.0922393798828, 229.15408325195312, 243.08731079101562, 244.0904998779297, 245.09864807128906, 245.12738037109375, 247.14398193359375, 275.1138000488281, 276.1164855957031, 277.12750244140625, 307.1407165527344, 308.1438293457031, 489.2439270019531, 490.2472839355469], [0.05485619604587555, 0.02319244109094143, 0.02492520958185196, 0.019682474434375763, 0.04166049510240555, 0.07053997367620468, 0.02416989952325821, 0.027487337589263916, 0.024880779907107353, 0.027487337589263916, 0.03509967029094696, 1.0, 0.17395812273025513, 0.038017239421606064, 0.02590266801416874, 0.06440863758325577, 0.8448357582092285, 0.12413731962442398, 0.05895856022834778, 0.15291312336921692, 0.02265928126871586, 0.3238944411277771, 0.08650513738393784]]	2	26573582	5	0.64925736	0.00043373628	-2898918177078513557	2020-02-11 15:27:08.0	The Burkholderia cepacia complex is a group of closely related species with large genomes that infect immunocompromised individuals or those living with cystic fibrosis. Some of these species are found more frequently and cause more severe disease than others, yet metabolomic differences between these species have not been described. Furthermore, our understanding of how these species respond to antibiotics is limited. We investigated the metabolomics differences between 10 Burkholderia strains including: B. cenocepacia J2315, B. cenocepacia K56-2, B. cenocepacia C5424, B. multivorans CF-1, B. multivorans CF-2, B. multivorans ATCC 17616, B. dolosa AU0645, B. dolosa AU1058, B. ambifaria H14274, and B. thailandensis E264 in the presence and absence of the antibiotic trimethoprim. Using a combination of supervised and unsupervised metabolomics data visualization and analysis tools, we describe the overall differences between strains of the same species and between species. Specifically, we report for the first time the role of the pyomelanin pathway in bacterial metabolism of trimethoprim using B. cenocepacia J2315 khmgA and K56-2 jhmgA strains with variants in the hmgA gene (which is responsible for pyomelanin production). We also report differences in detection of known secondary metabolites such as fragin, ornibactin, and N-acylhomoserine lactones and their analogs in closely related strains. Furthermore, we highlight the potential for the discovery of new secondary metabolites in clinical strains of Burkholderia spp. The metabolomics differences described in this study highlight the personalized nature of closely related Burkholderia strains.	MSV000084945	MS:1002077	impact	Burkholderia	NCBITaxon:36773	Burkholderia sp.	GNPS-Burkholderia_trimethoprim_LB		BcMC03_EA%2Bacid_48_Tri_P1-C-3_01_5479
77.81	485.21947	451.1954	Corinna Brungs	MSVPLACEHOLDERID	MCE bioactive compounds library	484.212198	C25H29FN4O5	HCD	none	InChI=1S/C25H29FN4O5/c1-27-25(32)35-22-15-34-21-7-6-18(29-8-10-30(11-9-29)19-13-33-14-19)12-20(21)23(22)28-24(31)16-2-4-17(26)5-3-16/h2-7,12,19,22-23H,8-11,13-15H2,1H3,(H,27,32)(H,28,31)/t22-,23-/m0/s1	NDEBZCZEAVMSQF-GOTSBHOMSA-N	Orbitrap	ESI	1.2000000476839432	2	Tomas Pluskal	1.0	PASSED	1.0	1.0	-1	Orbitrap ID-X	SAME_ENERGY	mzspec:MSVPLACEHOLDERID:20220601_pluskal_mce_1D1_A8_id.mzML:-1	[M+H]+	1	3	example_5_spectra.mgf	+	1373215-15-6	CNC(=O)O[C@H]1COc2c(cc(N3CCN(C4COC4)CC3)cc2)[C@@H]1NC(=O)c1ccc(F)cc1	0	[[70.064962, 84.080627, 109.076332, 114.091324, 123.023911, 161.059692, 202.086288, 230.105148, 241.133691, 261.159847, 271.144251, 289.154956, 346.175893, 351.136749, 410.186693], [2.862, 1.511, 1.385, 2.886, 14.149, 2.52, 1.435, 3.367, 26.664, 3.062, 41.501, 100.0, 26.1, 1.2, 8.75]]	[[271.12884521484375, 288.1346130371094, 289.14068603515625, 290.14703369140625, 451.19390869140625, 452.19696044921875, 453.2057800292969], [0.0276497695595026, 0.13470400869846344, 0.260191410779953, 0.031194612383842468, 1.0, 0.24601204693317413, 0.04891882464289665]]	2	73843297	6	0.64675075	0.00030284637	8725836245592756931	2017-11-06 10:38:28.0	Metabolic analysis of complex food samples including condiments, standard ethanol extraction. Data was acquired using a Bruker Daltonics maXis Impact and C18 RP-UHPLC. Positive polarity acquisition of LC-MS/MS. 	MSV000081682	MS:1001541	maXis	Global FoodOmics	NCBITaxon:870726	food metagenome	GNPS - GFOP - Food - Plate10_complex_condiments		G83190_5x_RA10_01_20129
77.81	485.21947	588.2927	Corinna Brungs	MSVPLACEHOLDERID	MCE bioactive compounds library	484.212198	C25H29FN4O5	HCD	none	InChI=1S/C25H29FN4O5/c1-27-25(32)35-22-15-34-21-7-6-18(29-8-10-30(11-9-29)19-13-33-14-19)12-20(21)23(22)28-24(31)16-2-4-17(26)5-3-16/h2-7,12,19,22-23H,8-11,13-15H2,1H3,(H,27,32)(H,28,31)/t22-,23-/m0/s1	NDEBZCZEAVMSQF-GOTSBHOMSA-N	Orbitrap	ESI	1.2000000476839432	2	Tomas Pluskal	1.0	PASSED	1.0	1.0	-1	Orbitrap ID-X	SAME_ENERGY	mzspec:MSVPLACEHOLDERID:20220601_pluskal_mce_1D1_A8_id.mzML:-1	[M+H]+	1	3	example_5_spectra.mgf	+	1373215-15-6	CNC(=O)O[C@H]1COc2c(cc(N3CCN(C4COC4)CC3)cc2)[C@@H]1NC(=O)c1ccc(F)cc1	1	[[70.064962, 84.080627, 109.076332, 114.091324, 123.023911, 161.059692, 202.086288, 230.105148, 241.133691, 261.159847, 271.144251, 289.154956, 346.175893, 351.136749, 410.186693], [2.862, 1.511, 1.385, 2.886, 14.149, 2.52, 1.435, 3.367, 26.664, 3.062, 41.501, 100.0, 26.1, 1.2, 8.75]]	[[50.585880279541016, 55.87286376953125, 83.87026977539062, 102.44198608398438, 108.14741516113281, 150.6801300048828, 151.07420349121094, 177.66207885742188, 229.1325225830078, 273.12322998046875, 273.1572570800781, 288.1466064453125, 299.1380615234375, 301.1541748046875, 511.4117736816406, 530.5318603515625, 588.2938232421875, 597.8607177734375], [0.0464421771466732, 0.05904344469308853, 0.05920492857694626, 0.07089962065219879, 0.06297590583562851, 0.06280608475208282, 0.0692535862326622, 0.06869439035654068, 0.09483056515455246, 0.16977322101593018, 0.09090433269739151, 0.5030947923660278, 0.11105698347091675, 1.0, 0.0753399208188057, 0.08106795698404312, 0.32972848415374756, 0.08449388295412064]]	2	7133400	7	0.6446828	0.00014929705	-7924591878377754017	2022-02-01 07:43:03.0	A collection of tissue and fecal samples from mice with a knockout in the Bile acid:amino acid N-acyl transferase gene (BAAT)	MSV000088761	MS:1001911	Q Exactive	Mouse	NCBITaxon:10090	Mus musculus (NCBITaxon:10090)	GNPS BAAT knockout mouse metabolome		Baat235CE
77.81	485.21947	470.22885	Corinna Brungs	MSVPLACEHOLDERID	MCE bioactive compounds library	484.212198	C25H29FN4O5	HCD	none	InChI=1S/C25H29FN4O5/c1-27-25(32)35-22-15-34-21-7-6-18(29-8-10-30(11-9-29)19-13-33-14-19)12-20(21)23(22)28-24(31)16-2-4-17(26)5-3-16/h2-7,12,19,22-23H,8-11,13-15H2,1H3,(H,27,32)(H,28,31)/t22-,23-/m0/s1	NDEBZCZEAVMSQF-GOTSBHOMSA-N	Orbitrap	ESI	1.2000000476839432	2	Tomas Pluskal	1.0	PASSED	1.0	1.0	-1	Orbitrap ID-X	SAME_ENERGY	mzspec:MSVPLACEHOLDERID:20220601_pluskal_mce_1D1_A8_id.mzML:-1	[M+H]+	1	3	example_5_spectra.mgf	+	1373215-15-6	CNC(=O)O[C@H]1COc2c(cc(N3CCN(C4COC4)CC3)cc2)[C@@H]1NC(=O)c1ccc(F)cc1	1	[[70.064962, 84.080627, 109.076332, 114.091324, 123.023911, 161.059692, 202.086288, 230.105148, 241.133691, 261.159847, 271.144251, 289.154956, 346.175893, 351.136749, 410.186693], [2.862, 1.511, 1.385, 2.886, 14.149, 2.52, 1.435, 3.367, 26.664, 3.062, 41.501, 100.0, 26.1, 1.2, 8.75]]	[[59.374080657958984, 104.24290466308594, 123.04183197021484, 129.71505737304688, 138.0556182861328, 282.7877502441406, 288.14703369140625, 289.1552429199219, 345.1448669433594, 442.6075744628906, 470.3477478027344, 471.1784362792969], [0.04920661076903343, 0.05326538905501366, 0.0595097579061985, 0.04736296087503433, 0.0653626099228859, 0.053297366946935654, 0.08514407277107239, 0.1616593450307846, 1.0, 0.05954957380890846, 0.1900467872619629, 0.1954456865787506]]	2	72715459	8	0.6427499	9.8094395e-05	8382476187047476978	2019-06-27 16:13:53.0	Small molecule analysis of Rhino fecal extracts, standard methanol extraction. Data were acquired using a Thermo Q Exactive and C18 RP-UHPLC. Positive polarity acquisition of LC-MS/MS.	MSV000084020	MS:1001911	Q Exactive	Rhino	Rhinoceros	Rhinoceros	GNPS - SD Zoo - Rhino fecal samples 2019		RRC_3_24
77.81	485.21947	492.25928	Corinna Brungs	MSVPLACEHOLDERID	MCE bioactive compounds library	484.212198	C25H29FN4O5	HCD	none	InChI=1S/C25H29FN4O5/c1-27-25(32)35-22-15-34-21-7-6-18(29-8-10-30(11-9-29)19-13-33-14-19)12-20(21)23(22)28-24(31)16-2-4-17(26)5-3-16/h2-7,12,19,22-23H,8-11,13-15H2,1H3,(H,27,32)(H,28,31)/t22-,23-/m0/s1	NDEBZCZEAVMSQF-GOTSBHOMSA-N	Orbitrap	ESI	1.2000000476839432	2	Tomas Pluskal	1.0	PASSED	1.0	1.0	-1	Orbitrap ID-X	SAME_ENERGY	mzspec:MSVPLACEHOLDERID:20220601_pluskal_mce_1D1_A8_id.mzML:-1	[M+H]+	1	3	example_5_spectra.mgf	+	1373215-15-6	CNC(=O)O[C@H]1COc2c(cc(N3CCN(C4COC4)CC3)cc2)[C@@H]1NC(=O)c1ccc(F)cc1	0	[[70.064962, 84.080627, 109.076332, 114.091324, 123.023911, 161.059692, 202.086288, 230.105148, 241.133691, 261.159847, 271.144251, 289.154956, 346.175893, 351.136749, 410.186693], [2.862, 1.511, 1.385, 2.886, 14.149, 2.52, 1.435, 3.367, 26.664, 3.062, 41.501, 100.0, 26.1, 1.2, 8.75]]	[[70.06465148925781, 116.07012176513672, 120.04460906982422, 123.06637573242188, 149.0811004638672, 184.11134338378906, 202.1219940185547, 203.12591552734375, 230.11544799804688, 245.10353088378906, 256.1292724609375, 261.0964660644531, 271.1200256347656, 275.11126708984375, 284.1279602050781, 287.1128234863281, 291.14434814453125, 292.14678955078125, 301.1285705566406, 317.1603698730469, 318.1630554199219, 319.16619873046875, 343.1750183105469, 492.259033203125, 493.260986328125], [0.035373203456401825, 0.01871812716126442, 0.02222994901239872, 0.040519241243600845, 0.052039869129657745, 0.05730180814862251, 0.4719865620136261, 0.04502781480550766, 0.021001391112804413, 0.02519703283905983, 0.018834028393030167, 0.025139082223176956, 0.03952248394489288, 0.01810384728014469, 0.01627260074019432, 0.06417477875947952, 0.8046939969062805, 0.12655308842658997, 0.03525730222463608, 1.0, 0.16409364342689514, 0.014684746973216534, 0.04875985160470009, 0.15035930275917053, 0.06563514471054077]]	2	53470168	9	0.64212555	0.00021088067	4087618154040422604	2022-07-05 15:42:26.0	This dataset is being submitted in order to contribute to the microbeMASST - UCSD Collaboration.	MSV000089814				NCBITaxon:271848;NCBITaxon:190893;NCBITaxon:53246	Burkholderia thailandensis E264 (NCBITaxon:271848)	GNPS microbeMASST - UCSD Collaboration Contribution		BT100306-2_Tri_P1-B-4_01_7427
77.81	485.21947	619.27765	Corinna Brungs	MSVPLACEHOLDERID	MCE bioactive compounds library	484.212198	C25H29FN4O5	HCD	none	InChI=1S/C25H29FN4O5/c1-27-25(32)35-22-15-34-21-7-6-18(29-8-10-30(11-9-29)19-13-33-14-19)12-20(21)23(22)28-24(31)16-2-4-17(26)5-3-16/h2-7,12,19,22-23H,8-11,13-15H2,1H3,(H,27,32)(H,28,31)/t22-,23-/m0/s1	NDEBZCZEAVMSQF-GOTSBHOMSA-N	Orbitrap	ESI	1.2000000476839432	2	Tomas Pluskal	1.0	PASSED	1.0	1.0	-1	Orbitrap ID-X	SAME_ENERGY	mzspec:MSVPLACEHOLDERID:20220601_pluskal_mce_1D1_A8_id.mzML:-1	[M+H]+	1	3	example_5_spectra.mgf	+	1373215-15-6	CNC(=O)O[C@H]1COc2c(cc(N3CCN(C4COC4)CC3)cc2)[C@@H]1NC(=O)c1ccc(F)cc1	1	[[70.064962, 84.080627, 109.076332, 114.091324, 123.023911, 161.059692, 202.086288, 230.105148, 241.133691, 261.159847, 271.144251, 289.154956, 346.175893, 351.136749, 410.186693], [2.862, 1.511, 1.385, 2.886, 14.149, 2.52, 1.435, 3.367, 26.664, 3.062, 41.501, 100.0, 26.1, 1.2, 8.75]]	[[56.05005645751953, 69.07022094726562, 70.06541442871094, 72.0810546875, 74.06005859375, 84.04457092285156, 84.08098602294922, 86.09650421142578, 87.09944915771484, 88.03915405273438, 99.04391479492188, 101.07121276855469, 102.05491638183594, 104.05271911621094, 107.04925537109375, 107.08570098876953, 110.07129669189453, 116.07066345214844, 120.08087158203125, 122.0599136352539, 124.07552337646484, 129.10203552246094, 130.06570434570312, 132.10145568847656, 136.07594299316406, 137.0601043701172, 140.07054138183594, 141.07373046875, 146.06044006347656, 148.0756072998047, 149.07879638671875, 152.07049560546875, 155.1172332763672, 159.09153747558594, 173.12936401367188, 174.05487060546875, 180.10169982910156, 185.12802124023438, 201.1239013671875, 206.11795043945312, 229.1349639892578, 261.1217346191406, 271.14306640625, 285.12237548828125, 287.13861083984375, 288.1404113769531, 289.15386962890625, 290.1569519042969, 305.148681640625, 313.11578369140625, 331.12591552734375, 333.1816711425781, 375.1905212402344, 392.1965026855469, 402.1821594238281, 434.2069396972656, 435.2139587402344, 460.1861267089844, 461.1907958984375, 575.28662109375], [0.01867838203907013, 0.06340517848730087, 0.33414217829704285, 0.2417147010564804, 0.041597750037908554, 0.07251662760972977, 0.18377146124839783, 0.49365097284317017, 0.023888010531663895, 0.017853697761893272, 0.020124398171901703, 0.018172042444348335, 0.052421748638153076, 0.01958869956433773, 0.017852989956736565, 0.019376762211322784, 0.06512758135795593, 0.08087948709726334, 0.20372413098812103, 0.2132282257080078, 0.019451037049293518, 0.12881025671958923, 0.02273753099143505, 0.021037541329860687, 0.10542166233062744, 0.02610856108367443, 1.0, 0.07001131772994995, 0.056578684598207474, 0.9336128234863281, 0.052692823112010956, 0.01822228729724884, 0.021534187719225883, 0.024548564106225967, 0.027969874441623688, 0.05359790101647377, 0.027530362829566002, 0.020224422216415405, 0.056192707270383835, 0.058703359216451645, 0.08946230262517929, 0.022121278569102287, 0.06029258295893669, 0.025438763201236725, 0.8988071084022522, 0.14874058961868286, 0.5866932272911072, 0.08801794052124023, 0.03148399665951729, 0.08142714202404022, 0.018852204084396362, 0.025533638894557953, 0.020675254985690117, 0.04866290092468262, 0.018370769917964935, 0.12435609102249146, 0.09054868668317795, 0.02804204262793064, 0.02018578164279461, 0.04885229840874672]]	2	1575377	10	0.64208174	0.00039706373	-9051282282533511228	2017-03-14 10:06:30.0	Metabolic study on the effect of sleep disruption on mice. Data was generated on a Thermo Q Exactive and C18 RP UHPLC. Positive polarity acquisition on LC-MS/MS.	MSV000080629	MS:1001911	Q Exactive	Sleep disruption	C57BL/6N MIce (black 6 mice)	C57BL/6N MIce (black 6 mice)	GNPS - ONR_Lowry_MouseStudy	Fernando Vargas (fevargas)	13
